,28005002,28006004,28013002,28014002,28016001,28045002,28049003,28058004,28065014,28067001,28074007,28080003,28092005,28102001,28123002,28133002,28148004,28171001
2017-01-01 01:00:00,108.0,45.0,36.0,105.0,7.0,73.0,64.0,84.0,123.0,36.0,75.0,46.0,55.0,21.0,46.0,71.0,49.0,14.0
2017-01-01 02:00:00,76.0,50.0,27.0,83.0,1.0,76.0,76.0,99.0,129.0,38.0,132.0,34.0,119.0,19.0,40.0,58.0,51.0,32.0
2017-01-01 03:00:00,43.0,49.0,25.0,75.0,3.0,62.0,73.0,100.0,130.0,36.0,123.0,30.0,44.0,17.0,32.0,47.0,42.0,26.0
2017-01-01 04:00:00,27.0,60.0,18.0,59.0,5.0,59.0,66.0,72.0,108.0,35.0,107.0,38.0,41.0,16.0,28.0,38.0,29.0,25.0
2017-01-01 05:00:00,21.0,58.0,14.0,52.0,8.0,53.0,46.0,54.0,84.0,26.0,82.0,44.0,35.0,14.0,22.0,29.0,28.0,20.0
2017-01-01 06:00:00,23.0,42.0,19.0,49.0,13.0,38.0,32.0,54.0,60.0,26.0,61.0,25.0,28.0,27.0,18.0,21.0,26.0,28.0
2017-01-01 07:00:00,20.0,37.0,17.0,54.0,6.0,40.0,36.0,38.0,54.0,16.0,49.0,25.0,26.0,14.0,19.0,25.0,18.0,25.0
2017-01-01 08:00:00,14.0,34.0,17.0,53.0,9.0,41.0,27.0,21.0,48.0,5.0,38.0,22.0,19.0,7.0,7.0,18.0,14.0,31.0
2017-01-01 09:00:00,17.0,25.0,16.0,34.0,7.0,32.0,24.0,30.0,36.0,24.0,28.0,26.0,21.0,2.0,15.0,16.0,14.0,25.0
2017-01-01 10:00:00,19.0,25.0,13.0,28.0,11.0,27.0,19.0,39.0,36.0,37.0,16.0,33.0,23.0,5.0,15.0,45.0,18.0,31.0
2017-01-01 11:00:00,8.0,44.0,16.0,27.0,18.0,20.0,18.0,20.0,24.0,55.0,20.0,20.0,19.0,14.0,10.0,39.0,15.0,32.0
2017-01-01 12:00:00,14.0,28.0,19.0,21.0,18.0,16.0,23.0,12.0,30.0,60.0,13.0,20.0,22.0,14.0,18.0,33.0,13.0,32.0
2017-01-01 13:00:00,15.0,25.0,16.0,32.0,14.0,14.0,30.0,16.0,31.0,19.0,17.0,10.0,16.0,10.0,11.0,30.0,11.0,33.0
2017-01-01 14:00:00,13.0,24.0,9.0,30.0,16.0,17.0,29.0,10.0,24.0,20.0,15.0,14.0,17.0,6.0,19.0,20.0,19.0,34.0
2017-01-01 15:00:00,13.0,28.0,6.0,21.0,16.0,18.0,20.0,9.0,15.0,27.0,15.0,14.0,24.0,6.0,11.0,23.0,16.0,29.0
2017-01-01 16:00:00,16.0,29.0,6.0,10.0,18.0,21.0,24.0,7.0,15.0,28.0,13.0,20.0,26.0,14.0,8.0,33.0,15.0,23.0
2017-01-01 17:00:00,18.0,30.0,6.0,4.0,19.0,25.0,24.0,15.0,22.0,37.0,11.0,11.0,21.0,13.0,5.0,34.0,16.0,15.0
2017-01-01 18:00:00,26.0,33.0,8.0,10.0,18.0,40.0,23.0,18.0,26.0,30.0,17.0,16.0,17.0,16.0,6.0,38.0,24.0,17.0
2017-01-01 19:00:00,49.0,34.0,31.0,19.0,23.0,39.0,31.0,19.0,29.0,30.0,23.0,15.0,10.0,27.0,27.0,41.0,33.0,9.0
2017-01-01 20:00:00,68.0,34.0,14.0,25.0,19.0,32.0,49.0,37.0,31.0,24.0,32.0,15.0,13.0,21.0,41.0,25.0,35.0,23.0
2017-01-01 21:00:00,47.0,35.0,11.0,30.0,18.0,33.0,49.0,30.0,29.0,28.0,42.0,14.0,17.0,15.0,87.0,28.0,40.0,22.0
2017-01-01 22:00:00,36.0,34.0,8.0,25.0,19.0,38.0,31.0,16.0,31.0,36.0,22.0,18.0,20.0,6.0,22.0,45.0,37.0,10.0
2017-01-01 23:00:00,24.0,32.0,8.0,17.0,19.0,35.0,31.0,13.0,22.0,36.0,11.0,24.0,20.0,10.0,12.0,30.0,32.0,14.0
2017-01-02 00:00:00,16.0,41.0,11.0,22.0,23.0,33.0,27.0,9.0,20.0,31.0,15.0,23.0,18.0,12.0,8.0,34.0,20.0,7.0
2017-01-02 01:00:00,17.0,34.0,9.0,17.0,28.0,30.0,23.0,4.0,13.0,27.0,13.0,15.0,17.0,14.0,19.0,27.0,17.0,18.0
2017-01-02 02:00:00,11.0,31.0,7.0,20.0,39.0,37.0,28.0,9.0,12.0,36.0,13.0,20.0,14.0,24.0,15.0,28.0,14.0,20.0
2017-01-02 03:00:00,12.0,28.0,12.0,27.0,38.0,39.0,24.0,15.0,26.0,39.0,20.0,21.0,19.0,11.0,8.0,28.0,9.0,18.0
2017-01-02 04:00:00,17.0,26.0,10.0,32.0,35.0,34.0,17.0,18.0,24.0,41.0,21.0,22.0,17.0,12.0,7.0,31.0,15.0,19.0
2017-01-02 05:00:00,21.0,23.0,8.0,21.0,35.0,32.0,20.0,14.0,23.0,35.0,14.0,18.0,16.0,15.0,7.0,36.0,16.0,18.0
2017-01-02 06:00:00,25.0,24.0,5.0,17.0,30.0,37.0,30.0,9.0,23.0,35.0,17.0,19.0,12.0,10.0,5.0,31.0,20.0,32.0
2017-01-02 07:00:00,43.0,31.0,12.0,23.0,24.0,42.0,38.0,13.0,23.0,35.0,21.0,19.0,21.0,9.0,13.0,37.0,23.0,30.0
2017-01-02 08:00:00,103.0,36.0,13.0,30.0,21.0,41.0,48.0,25.0,28.0,35.0,32.0,20.0,19.0,14.0,9.0,32.0,27.0,30.0
2017-01-02 09:00:00,67.0,45.0,9.0,35.0,18.0,39.0,57.0,21.0,34.0,34.0,35.0,20.0,22.0,12.0,18.0,34.0,26.0,25.0
2017-01-02 10:00:00,43.0,46.0,16.0,35.0,20.0,41.0,53.0,23.0,40.0,31.0,40.0,21.0,26.0,10.0,23.0,51.0,30.0,31.0
2017-01-02 11:00:00,26.0,24.0,12.0,42.0,18.0,35.0,48.0,42.0,37.0,38.0,36.0,19.0,29.0,7.0,21.0,39.0,29.0,38.0
2017-01-02 12:00:00,22.0,34.0,16.0,28.0,17.0,34.0,42.0,35.0,36.0,25.0,36.0,20.0,31.0,8.0,18.0,65.0,49.0,31.0
2017-01-02 13:00:00,10.0,29.0,14.0,16.0,14.0,31.0,37.0,24.0,26.0,1.0,26.0,16.0,31.0,7.0,26.0,46.0,48.0,28.0
2017-01-02 14:00:00,18.0,30.0,14.0,21.0,13.0,29.0,36.0,28.0,23.0,5.0,20.0,17.0,29.0,5.0,21.0,30.0,25.0,25.0
2017-01-02 15:00:00,15.0,27.0,16.0,22.0,15.0,20.0,26.0,20.0,28.0,6.0,16.0,23.0,30.0,19.0,16.0,29.0,18.0,19.0
2017-01-02 16:00:00,24.0,16.0,11.0,20.0,12.0,23.0,30.0,17.0,31.0,15.0,16.0,9.0,34.0,12.0,15.0,28.0,20.0,23.0
2017-01-02 17:00:00,42.0,25.0,23.0,31.0,10.0,31.0,43.0,18.0,30.0,33.0,22.0,17.0,21.0,13.0,19.0,25.0,29.0,25.0
2017-01-02 18:00:00,49.0,33.0,29.0,44.0,9.0,39.0,50.0,22.0,49.0,49.0,47.0,22.0,25.0,17.0,27.0,35.0,29.0,20.0
2017-01-02 19:00:00,58.0,35.0,39.0,46.0,12.0,40.0,66.0,24.0,51.0,47.0,53.0,24.0,27.0,15.0,32.0,29.0,38.0,17.0
2017-01-02 20:00:00,71.0,36.0,33.0,47.0,16.0,39.0,68.0,33.0,53.0,1.0,47.0,19.0,30.0,19.0,37.0,33.0,36.0,28.0
2017-01-02 21:00:00,76.0,33.0,29.0,47.0,13.0,42.0,63.0,26.0,53.0,22.0,67.0,20.0,27.0,17.0,36.0,30.0,26.0,15.0
2017-01-02 22:00:00,74.0,32.0,19.0,42.0,11.0,49.0,54.0,35.0,51.0,35.0,64.0,25.0,31.0,19.0,25.0,34.0,28.0,23.0
2017-01-02 23:00:00,65.0,32.0,19.0,36.0,13.0,40.0,45.0,28.0,55.0,49.0,55.0,28.0,31.0,17.0,31.0,51.0,32.0,19.0
2017-01-03 00:00:00,39.0,37.0,20.0,40.0,13.0,40.0,50.0,39.0,50.0,27.0,57.0,26.0,32.0,15.0,29.0,30.0,36.0,24.0
2017-01-03 01:00:00,33.0,45.0,3.0,24.0,14.0,31.0,59.0,36.0,43.0,35.0,69.0,28.0,25.0,17.0,34.0,45.0,36.0,27.0
2017-01-03 02:00:00,34.0,48.0,10.0,29.0,16.0,32.0,45.0,32.0,46.0,47.0,49.0,28.0,24.0,17.0,26.0,42.0,39.0,31.0
2017-01-03 03:00:00,37.0,43.0,16.0,42.0,18.0,32.0,40.0,38.0,43.0,36.0,46.0,27.0,27.0,22.0,13.0,34.0,33.0,27.0
2017-01-03 04:00:00,29.0,40.0,17.0,47.0,18.0,31.0,38.0,25.0,43.0,25.0,32.0,28.0,20.0,21.0,14.0,29.0,28.0,27.0
2017-01-03 05:00:00,29.0,37.0,13.0,38.0,16.0,25.0,34.0,26.0,42.0,25.0,33.0,22.0,27.0,21.0,16.0,32.0,28.0,25.0
2017-01-03 06:00:00,34.0,38.0,12.0,30.0,20.0,28.0,40.0,40.0,48.0,24.0,47.0,17.0,21.0,21.0,14.0,29.0,29.0,28.0
2017-01-03 07:00:00,34.0,41.0,15.0,40.0,16.0,35.0,49.0,36.0,47.0,24.0,62.0,21.0,25.0,17.0,19.0,32.0,30.0,24.0
2017-01-03 08:00:00,39.0,30.0,17.0,33.0,18.0,35.0,47.0,32.0,56.0,28.0,64.0,27.0,31.0,7.0,16.0,26.0,26.0,21.0
2017-01-03 09:00:00,40.0,31.0,18.0,47.0,14.0,48.0,48.0,43.0,56.0,29.0,63.0,34.0,29.0,7.0,24.0,34.0,30.0,23.0
2017-01-03 10:00:00,41.0,49.0,17.0,52.0,11.0,45.0,47.0,42.0,63.0,31.0,47.0,26.0,33.0,10.0,25.0,51.0,34.0,26.0
2017-01-03 11:00:00,36.0,27.0,21.0,50.0,11.0,39.0,51.0,46.0,47.0,17.0,29.0,25.0,42.0,11.0,24.0,42.0,31.0,30.0
2017-01-03 12:00:00,27.0,22.0,19.0,56.0,15.0,28.0,56.0,33.0,39.0,17.0,40.0,20.0,37.0,17.0,21.0,38.0,41.0,35.0
2017-01-03 13:00:00,18.0,28.0,19.0,54.0,13.0,29.0,33.0,29.0,36.0,15.0,28.0,28.0,39.0,25.0,17.0,39.0,42.0,31.0
2017-01-03 14:00:00,35.0,36.0,19.0,34.0,11.0,28.0,31.0,31.0,42.0,30.0,21.0,16.0,41.0,26.0,20.0,29.0,32.0,27.0
2017-01-03 15:00:00,40.0,46.0,21.0,33.0,16.0,26.0,29.0,16.0,52.0,22.0,31.0,36.0,24.0,27.0,23.0,31.0,27.0,35.0
2017-01-03 16:00:00,16.0,51.0,25.0,64.0,17.0,31.0,37.0,29.0,45.0,21.0,24.0,32.0,38.0,24.0,28.0,39.0,29.0,40.0
2017-01-03 17:00:00,23.0,55.0,30.0,100.0,20.0,40.0,54.0,27.0,55.0,25.0,43.0,36.0,25.0,19.0,38.0,38.0,35.0,27.0
2017-01-03 18:00:00,30.0,65.0,40.0,56.0,26.0,52.0,69.0,31.0,72.0,34.0,57.0,34.0,32.0,25.0,35.0,43.0,45.0,35.0
2017-01-03 19:00:00,44.0,61.0,56.0,49.0,24.0,64.0,94.0,27.0,68.0,46.0,94.0,47.0,31.0,27.0,45.0,52.0,58.0,35.0
2017-01-03 20:00:00,72.0,71.0,64.0,45.0,27.0,61.0,120.0,29.0,72.0,50.0,134.0,46.0,36.0,33.0,54.0,65.0,69.0,37.0
2017-01-03 21:00:00,102.0,86.0,60.0,35.0,21.0,67.0,108.0,24.0,80.0,52.0,168.0,51.0,39.0,30.0,66.0,60.0,75.0,23.0
2017-01-03 22:00:00,114.0,88.0,57.0,35.0,21.0,89.0,80.0,37.0,85.0,55.0,123.0,50.0,47.0,36.0,76.0,53.0,72.0,32.0
2017-01-03 23:00:00,96.0,76.0,51.0,39.0,19.0,83.0,89.0,27.0,82.0,63.0,79.0,53.0,47.0,38.0,85.0,40.0,65.0,34.0
2017-01-04 00:00:00,73.0,68.0,40.0,37.0,16.0,56.0,99.0,19.0,84.0,60.0,62.0,46.0,39.0,41.0,62.0,56.0,58.0,28.0
2017-01-04 01:00:00,59.0,63.0,35.0,47.0,10.0,61.0,78.0,26.0,85.0,27.0,52.0,38.0,36.0,30.0,61.0,42.0,65.0,31.0
2017-01-04 02:00:00,67.0,54.0,33.0,49.0,6.0,55.0,57.0,28.0,76.0,36.0,52.0,43.0,39.0,39.0,41.0,35.0,67.0,34.0
2017-01-04 03:00:00,62.0,59.0,29.0,52.0,13.0,54.0,51.0,38.0,69.0,33.0,64.0,46.0,36.0,51.0,35.0,38.0,54.0,28.0
2017-01-04 04:00:00,53.0,53.0,27.0,44.0,24.0,50.0,43.0,34.0,60.0,28.0,73.0,42.0,38.0,48.0,36.0,29.0,48.0,28.0
2017-01-04 05:00:00,48.0,40.0,25.0,52.0,27.0,43.0,37.0,39.0,60.0,23.0,64.0,40.0,30.0,51.0,28.0,23.0,42.0,38.0
2017-01-04 06:00:00,51.0,53.0,26.0,50.0,26.0,38.0,42.0,44.0,67.0,27.0,69.0,37.0,33.0,53.0,23.0,19.0,35.0,27.0
2017-01-04 07:00:00,61.0,53.0,26.0,56.0,22.0,44.0,48.0,44.0,69.0,27.0,51.0,41.0,36.0,51.0,25.0,12.0,35.0,24.0
2017-01-04 08:00:00,72.0,61.0,24.0,67.0,13.0,48.0,66.0,55.0,69.0,28.0,69.0,41.0,42.0,57.0,28.0,13.0,50.0,25.0
2017-01-04 09:00:00,78.0,64.0,28.0,75.0,12.0,55.0,78.0,43.0,63.0,28.0,63.0,47.0,44.0,62.0,32.0,27.0,55.0,24.0
2017-01-04 10:00:00,83.0,71.0,34.0,64.0,5.0,47.0,80.0,26.0,70.0,17.0,53.0,42.0,48.0,21.0,43.0,20.0,56.0,51.0
2017-01-04 11:00:00,72.0,59.0,5.0,68.0,3.0,22.0,80.0,25.0,61.0,20.0,42.0,51.0,56.0,24.0,48.0,37.0,52.0,51.0
2017-01-04 12:00:00,54.0,74.0,19.0,79.0,1.0,21.0,0.1,10.0,57.0,15.0,52.0,34.0,39.0,46.0,48.0,7.0,52.0,63.0
2017-01-04 13:00:00,54.0,82.0,41.0,49.0,1.0,24.0,53.0,4.0,49.0,15.0,42.0,41.0,26.0,46.0,41.0,15.0,63.0,55.0
2017-01-04 14:00:00,50.0,70.0,14.0,29.0,1.0,35.0,80.0,3.0,22.0,5.0,13.0,22.0,18.0,26.0,30.0,19.0,62.0,10.0
2017-01-04 15:00:00,43.0,60.0,9.0,30.0,3.0,44.0,48.0,2.0,10.0,6.0,14.0,9.0,20.0,11.0,25.0,20.0,47.0,8.0
2017-01-04 16:00:00,37.0,58.0,14.0,15.0,2.0,46.0,30.0,4.0,21.0,3.0,10.0,7.0,11.0,16.0,18.0,6.0,25.0,10.0
2017-01-04 17:00:00,35.0,57.0,23.0,10.0,8.0,53.0,26.0,5.0,16.0,5.0,16.0,9.0,11.0,27.0,22.0,7.0,11.0,16.0
2017-01-04 18:00:00,38.0,66.0,34.0,22.0,16.0,85.0,30.0,8.0,25.0,17.0,11.0,8.0,8.0,20.0,22.0,9.0,10.0,11.0
2017-01-04 19:00:00,41.0,69.0,39.0,43.0,17.0,83.0,52.0,2.0,26.0,19.0,11.0,8.0,14.0,17.0,23.0,10.0,21.0,1.0
2017-01-04 20:00:00,76.0,51.0,13.0,34.0,14.0,58.0,64.0,1.0,24.0,22.0,11.0,6.0,12.0,11.0,22.0,8.0,25.0,12.0
2017-01-04 21:00:00,76.0,39.0,12.0,12.0,12.0,49.0,31.0,1.0,21.0,37.0,11.0,7.0,14.0,2.0,11.0,17.0,12.0,5.0
2017-01-04 22:00:00,25.0,36.0,9.0,8.0,14.0,40.0,6.0,7.0,15.0,63.0,13.0,6.0,15.0,1.0,11.0,9.0,1.0,6.0
2017-01-04 23:00:00,14.0,25.0,7.0,10.0,14.0,46.0,21.0,8.0,10.0,60.0,16.0,3.0,18.0,1.0,9.0,7.0,1.0,2.0
2017-01-05 00:00:00,14.0,19.0,10.0,7.0,13.0,45.0,17.0,3.0,8.0,53.0,9.0,7.0,15.0,2.0,10.0,8.0,2.0,4.0
2017-01-05 01:00:00,24.0,16.0,16.0,12.0,12.0,38.0,3.0,6.0,2.0,57.0,9.0,7.0,18.0,2.0,10.0,10.0,2.0,7.0
2017-01-05 02:00:00,32.0,29.0,19.0,15.0,15.0,42.0,24.0,10.0,12.0,44.0,3.0,10.0,8.0,10.0,9.0,10.0,10.0,9.0
2017-01-05 03:00:00,31.0,24.0,15.0,17.0,11.0,42.0,28.0,6.0,11.0,35.0,11.0,13.0,6.0,3.0,20.0,10.0,16.0,10.0
2017-01-05 04:00:00,30.0,8.0,11.0,23.0,13.0,39.0,28.0,7.0,9.0,31.0,5.0,11.0,5.0,5.0,15.0,9.0,18.0,5.0
2017-01-05 05:00:00,22.0,11.0,10.0,21.0,6.0,40.0,34.0,3.0,14.0,30.0,5.0,4.0,13.0,8.0,13.0,5.0,23.0,4.0
2017-01-05 06:00:00,18.0,8.0,12.0,22.0,9.0,38.0,27.0,5.0,11.0,35.0,5.0,5.0,9.0,6.0,11.0,1.0,17.0,6.0
2017-01-05 07:00:00,23.0,15.0,10.0,27.0,7.0,43.0,32.0,7.0,14.0,40.0,9.0,6.0,8.0,6.0,19.0,12.0,17.0,5.0
2017-01-05 08:00:00,36.0,22.0,10.0,24.0,2.0,34.0,28.0,8.0,27.0,26.0,14.0,5.0,9.0,13.0,22.0,5.0,13.0,11.0
2017-01-05 09:00:00,18.0,18.0,13.0,24.0,3.0,8.0,25.0,13.0,32.0,25.0,16.0,4.0,13.0,11.0,15.0,8.0,11.0,15.0
2017-01-05 10:00:00,19.0,17.0,14.0,17.0,3.0,0.4,23.0,16.0,35.0,9.0,24.0,6.0,13.0,7.0,15.0,9.0,15.0,13.0
2017-01-05 11:00:00,23.0,36.0,3.0,16.0,2.0,17.0,29.0,18.0,37.0,2.0,24.0,5.0,10.0,1.0,19.0,16.0,14.0,11.0
2017-01-05 12:00:00,33.0,39.0,3.0,17.0,6.0,52.0,38.0,16.0,0.1,12.0,29.0,13.0,15.0,10.0,23.0,9.0,8.0,16.0
2017-01-05 13:00:00,28.0,32.0,8.0,30.0,5.0,36.0,46.0,25.0,23.0,5.0,31.0,11.0,24.0,16.0,30.0,9.0,15.0,15.0
2017-01-05 14:00:00,27.0,33.0,5.0,35.0,5.0,18.0,43.0,15.0,25.0,8.0,35.0,18.0,24.0,10.0,40.0,9.0,23.0,14.0
2017-01-05 15:00:00,16.0,35.0,11.0,47.0,8.0,15.0,48.0,20.0,47.0,9.0,53.0,18.0,24.0,10.0,37.0,8.0,31.0,10.0
2017-01-05 16:00:00,42.0,60.0,11.0,51.0,9.0,18.0,62.0,19.0,51.0,9.0,41.0,20.0,20.0,2.0,37.0,6.0,46.0,7.0
2017-01-05 17:00:00,71.0,76.0,8.0,48.0,12.0,21.0,81.0,18.0,54.0,16.0,37.0,20.0,18.0,5.0,39.0,9.0,52.0,14.0
2017-01-05 18:00:00,88.0,66.0,21.0,72.0,9.0,36.0,96.0,17.0,59.0,32.0,63.0,21.0,28.0,13.0,50.0,7.0,56.0,11.0
2017-01-05 19:00:00,104.0,56.0,33.0,83.0,9.0,50.0,135.0,22.0,66.0,42.0,65.0,33.0,28.0,19.0,76.0,5.0,68.0,14.0
2017-01-05 20:00:00,123.0,55.0,40.0,75.0,7.0,41.0,69.0,26.0,69.0,56.0,51.0,26.0,26.0,23.0,96.0,5.0,69.0,12.0
2017-01-05 21:00:00,120.0,52.0,47.0,67.0,7.0,39.0,41.0,21.0,60.0,46.0,37.0,20.0,28.0,26.0,67.0,12.0,75.0,18.0
2017-01-05 22:00:00,124.0,59.0,41.0,64.0,4.0,33.0,31.0,23.0,64.0,41.0,60.0,22.0,28.0,14.0,89.0,7.0,74.0,12.0
2017-01-05 23:00:00,100.0,54.0,34.0,68.0,6.0,26.0,27.0,29.0,73.0,36.0,46.0,28.0,35.0,7.0,96.0,9.0,67.0,5.0
2017-01-06 00:00:00,79.0,46.0,33.0,56.0,4.0,32.0,28.0,32.0,82.0,45.0,56.0,21.0,37.0,8.0,55.0,5.0,49.0,2.0
2017-01-06 01:00:00,58.0,58.0,19.0,62.0,4.0,15.0,30.0,49.0,74.0,26.0,66.0,19.0,36.0,3.0,40.0,4.0,32.0,8.0
2017-01-06 02:00:00,65.0,38.0,16.0,52.0,3.0,16.0,32.0,66.0,62.0,29.0,61.0,29.0,36.0,16.0,32.0,9.0,34.0,5.0
2017-01-06 03:00:00,55.0,44.0,10.0,43.0,2.0,16.0,40.0,30.0,60.0,26.0,53.0,26.0,37.0,8.0,24.0,6.0,37.0,6.0
2017-01-06 04:00:00,52.0,33.0,11.0,39.0,2.0,17.0,34.0,35.0,51.0,19.0,49.0,20.0,35.0,2.0,28.0,6.0,41.0,11.0
2017-01-06 05:00:00,47.0,32.0,7.0,28.0,6.0,18.0,28.0,24.0,51.0,13.0,43.0,21.0,29.0,2.0,17.0,10.0,34.0,9.0
2017-01-06 06:00:00,42.0,18.0,7.0,22.0,5.0,19.0,36.0,19.0,48.0,3.0,39.0,22.0,27.0,3.0,15.0,4.0,28.0,15.0
2017-01-06 07:00:00,34.0,20.0,4.0,27.0,3.0,18.0,32.0,31.0,37.0,4.0,22.0,23.0,25.0,3.0,10.0,1.0,35.0,9.0
2017-01-06 08:00:00,27.0,26.0,8.0,25.0,2.0,10.0,22.0,24.0,29.0,2.0,17.0,21.0,23.0,4.0,10.0,4.0,27.0,12.0
2017-01-06 09:00:00,25.0,19.0,11.0,30.0,3.0,9.0,23.0,17.0,18.0,11.0,22.0,15.0,18.0,3.0,14.0,5.0,18.0,14.0
2017-01-06 10:00:00,28.0,23.0,4.0,54.0,1.0,14.0,29.0,25.0,18.0,31.0,10.0,14.0,19.0,1.0,6.0,12.0,5.0,27.0
2017-01-06 11:00:00,1.0,8.0,10.0,10.0,3.0,9.0,22.0,23.0,18.0,29.0,5.0,12.0,25.0,1.0,15.0,15.0,1.0,30.0
2017-01-06 12:00:00,1.0,3.0,9.0,10.0,3.0,8.0,28.0,13.0,18.0,21.0,10.0,10.0,36.0,5.0,10.0,19.0,2.0,18.0
2017-01-06 13:00:00,1.0,8.0,3.0,6.0,6.0,5.0,15.0,4.0,11.0,2.0,12.0,4.0,10.0,4.0,13.0,3.0,9.0,17.0
2017-01-06 14:00:00,1.0,9.0,8.0,9.0,2.0,1.0,1.0,3.0,9.0,2.0,7.0,1.0,14.0,3.0,8.0,5.0,11.0,20.0
2017-01-06 15:00:00,1.0,8.0,2.0,4.0,3.0,2.0,6.0,1.0,9.0,5.0,3.0,4.0,16.0,9.0,6.0,7.0,2.0,17.0
2017-01-06 16:00:00,8.0,6.0,1.0,2.0,3.0,7.0,11.0,5.0,9.0,10.0,5.0,3.0,2.0,6.0,5.0,5.0,7.0,9.0
2017-01-06 17:00:00,15.0,5.0,3.0,2.0,7.0,9.0,11.0,7.0,15.0,8.0,8.0,9.0,11.0,3.0,2.0,8.0,7.0,17.0
2017-01-06 18:00:00,27.0,10.0,23.0,6.0,5.0,14.0,24.0,10.0,20.0,29.0,49.0,9.0,12.0,5.0,3.0,23.0,16.0,4.0
2017-01-06 19:00:00,58.0,17.0,33.0,20.0,8.0,26.0,34.0,10.0,36.0,61.0,64.0,19.0,6.0,4.0,35.0,32.0,32.0,19.0
2017-01-06 20:00:00,92.0,32.0,50.0,23.0,5.0,32.0,46.0,12.0,56.0,51.0,73.0,24.0,22.0,9.0,35.0,13.0,35.0,19.0
2017-01-06 21:00:00,89.0,26.0,43.0,26.0,4.0,30.0,36.0,16.0,56.0,46.0,61.0,8.0,22.0,13.0,34.0,32.0,34.0,11.0
2017-01-06 22:00:00,85.0,28.0,32.0,39.0,4.0,19.0,26.0,15.0,58.0,47.0,41.0,11.0,14.0,17.0,26.0,43.0,25.0,7.0
2017-01-06 23:00:00,59.0,21.0,17.0,32.0,5.0,21.0,26.0,15.0,60.0,35.0,42.0,14.0,15.0,10.0,17.0,30.0,23.0,6.0
2017-01-07 00:00:00,44.0,38.0,12.0,23.0,7.0,15.0,21.0,16.0,56.0,14.0,34.0,10.0,12.0,12.0,18.0,26.0,23.0,5.0
2017-01-07 01:00:00,40.0,43.0,14.0,30.0,11.0,10.0,26.0,16.0,65.0,17.0,33.0,16.0,15.0,10.0,12.0,23.0,22.0,14.0
2017-01-07 02:00:00,29.0,33.0,11.0,26.0,15.0,6.0,17.0,1.0,50.0,13.0,29.0,9.0,16.0,19.0,10.0,15.0,23.0,15.0
2017-01-07 03:00:00,26.0,32.0,16.0,27.0,11.0,5.0,23.0,8.0,42.0,15.0,31.0,9.0,16.0,17.0,10.0,11.0,18.0,11.0
2017-01-07 04:00:00,21.0,25.0,12.0,26.0,8.0,7.0,23.0,9.0,38.0,13.0,25.0,11.0,14.0,11.0,8.0,9.0,17.0,9.0
2017-01-07 05:00:00,21.0,20.0,11.0,29.0,3.0,7.0,23.0,11.0,27.0,6.0,25.0,11.0,19.0,5.0,5.0,6.0,14.0,12.0
2017-01-07 06:00:00,21.0,21.0,8.0,22.0,3.0,6.0,17.0,10.0,17.0,6.0,27.0,9.0,19.0,9.0,5.0,3.0,10.0,3.0
2017-01-07 07:00:00,21.0,20.0,13.0,20.0,3.0,8.0,25.0,9.0,37.0,4.0,25.0,8.0,12.0,11.0,5.0,4.0,10.0,11.0
2017-01-07 08:00:00,20.0,17.0,9.0,17.0,7.0,12.0,31.0,10.0,36.0,6.0,29.0,19.0,12.0,7.0,6.0,5.0,17.0,9.0
2017-01-07 09:00:00,20.0,19.0,10.0,27.0,2.0,56.0,29.0,11.0,44.0,6.0,52.0,25.0,16.0,6.0,8.0,8.0,20.0,8.0
2017-01-07 10:00:00,13.0,38.0,13.0,24.0,3.0,19.0,35.0,14.0,40.0,32.0,44.0,20.0,23.0,1.0,8.0,25.0,8.0,12.0
2017-01-07 11:00:00,2.0,32.0,13.0,20.0,8.0,12.0,39.0,15.0,23.0,65.0,31.0,14.0,24.0,2.0,9.0,15.0,1.0,23.0
2017-01-07 12:00:00,2.0,6.0,8.0,23.0,10.0,20.0,36.0,15.0,28.0,49.0,26.0,16.0,18.0,16.0,13.0,22.0,1.0,23.0
2017-01-07 13:00:00,1.0,12.0,6.0,22.0,8.0,18.0,23.0,7.0,20.0,21.0,26.0,14.0,25.0,17.0,15.0,21.0,9.0,26.0
2017-01-07 14:00:00,2.0,14.0,3.0,19.0,6.0,14.0,14.0,5.0,27.0,12.0,25.0,12.0,30.0,13.0,19.0,24.0,25.0,18.0
2017-01-07 15:00:00,9.0,29.0,5.0,9.0,5.0,12.0,18.0,8.0,24.0,15.0,16.0,11.0,27.0,15.0,19.0,14.0,20.0,17.0
2017-01-07 16:00:00,19.0,30.0,5.0,8.0,3.0,14.0,22.0,3.0,20.0,14.0,9.0,10.0,29.0,5.0,15.0,19.0,18.0,10.0
2017-01-07 17:00:00,21.0,27.0,9.0,5.0,8.0,15.0,19.0,5.0,28.0,26.0,15.0,13.0,3.0,11.0,11.0,14.0,24.0,23.0
2017-01-07 18:00:00,42.0,31.0,32.0,16.0,8.0,33.0,28.0,9.0,29.0,51.0,42.0,20.0,12.0,9.0,10.0,20.0,28.0,18.0
2017-01-07 19:00:00,65.0,43.0,37.0,27.0,7.0,55.0,52.0,21.0,43.0,66.0,69.0,32.0,15.0,14.0,41.0,43.0,43.0,12.0
2017-01-07 20:00:00,102.0,62.0,43.0,39.0,9.0,67.0,76.0,28.0,49.0,58.0,95.0,31.0,28.0,15.0,127.0,57.0,57.0,16.0
2017-01-07 21:00:00,109.0,67.0,49.0,46.0,9.0,60.0,78.0,23.0,53.0,46.0,83.0,33.0,26.0,21.0,87.0,38.0,65.0,18.0
2017-01-07 22:00:00,86.0,57.0,35.0,45.0,10.0,57.0,54.0,17.0,63.0,32.0,85.0,30.0,29.0,23.0,92.0,43.0,58.0,15.0
2017-01-07 23:00:00,57.0,53.0,32.0,62.0,10.0,55.0,40.0,19.0,82.0,28.0,74.0,36.0,30.0,29.0,81.0,49.0,45.0,18.0
2017-01-08 00:00:00,51.0,64.0,28.0,48.0,7.0,49.0,27.0,24.0,97.0,29.0,45.0,40.0,34.0,23.0,40.0,27.0,37.0,10.0
2017-01-08 01:00:00,41.0,53.0,16.0,35.0,3.0,40.0,19.0,33.0,86.0,28.0,43.0,31.0,29.0,25.0,23.0,21.0,36.0,15.0
2017-01-08 02:00:00,25.0,48.0,23.0,44.0,6.0,31.0,24.0,27.0,62.0,17.0,49.0,31.0,24.0,22.0,21.0,25.0,31.0,19.0
2017-01-08 03:00:00,22.0,50.0,25.0,41.0,6.0,23.0,34.0,19.0,52.0,8.0,49.0,26.0,21.0,25.0,10.0,16.0,26.0,24.0
2017-01-08 04:00:00,26.0,39.0,26.0,41.0,9.0,17.0,27.0,17.0,73.0,13.0,37.0,22.0,32.0,17.0,10.0,13.0,17.0,17.0
2017-01-08 05:00:00,27.0,31.0,22.0,30.0,8.0,6.0,19.0,23.0,57.0,9.0,36.0,16.0,25.0,15.0,17.0,5.0,16.0,15.0
2017-01-08 06:00:00,19.0,23.0,11.0,28.0,4.0,14.0,16.0,19.0,60.0,9.0,32.0,13.0,20.0,9.0,11.0,6.0,15.0,15.0
2017-01-08 07:00:00,21.0,28.0,13.0,34.0,4.0,9.0,20.0,19.0,59.0,2.0,31.0,10.0,15.0,4.0,10.0,8.0,13.0,14.0
2017-01-08 08:00:00,28.0,23.0,14.0,27.0,6.0,11.0,24.0,29.0,47.0,13.0,40.0,18.0,16.0,11.0,9.0,8.0,15.0,14.0
2017-01-08 09:00:00,19.0,14.0,16.0,29.0,5.0,19.0,22.0,23.0,33.0,14.0,46.0,18.0,23.0,4.0,9.0,7.0,16.0,19.0
2017-01-08 10:00:00,9.0,17.0,20.0,29.0,7.0,15.0,24.0,12.0,21.0,38.0,24.0,18.0,28.0,1.0,8.0,8.0,4.0,36.0
2017-01-08 11:00:00,1.0,27.0,18.0,10.0,3.0,6.0,30.0,7.0,23.0,56.0,21.0,10.0,31.0,1.0,8.0,15.0,1.0,37.0
2017-01-08 12:00:00,1.0,11.0,18.0,17.0,5.0,6.0,35.0,9.0,23.0,33.0,28.0,7.0,33.0,11.0,14.0,22.0,4.0,28.0
2017-01-08 13:00:00,1.0,5.0,17.0,19.0,7.0,11.0,22.0,7.0,25.0,24.0,28.0,5.0,33.0,14.0,17.0,13.0,14.0,19.0
2017-01-08 14:00:00,1.0,8.0,10.0,15.0,6.0,4.0,13.0,5.0,22.0,10.0,26.0,9.0,28.0,13.0,21.0,2.0,15.0,17.0
2017-01-08 15:00:00,10.0,17.0,6.0,14.0,9.0,9.0,11.0,7.0,27.0,18.0,26.0,4.0,19.0,10.0,15.0,5.0,10.0,11.0
2017-01-08 16:00:00,18.0,14.0,9.0,17.0,6.0,11.0,9.0,7.0,33.0,12.0,19.0,7.0,21.0,10.0,16.0,16.0,10.0,17.0
2017-01-08 17:00:00,23.0,19.0,14.0,25.0,9.0,13.0,18.0,4.0,38.0,9.0,21.0,11.0,17.0,7.0,24.0,6.0,13.0,23.0
2017-01-08 18:00:00,38.0,25.0,25.0,28.0,8.0,22.0,39.0,10.0,38.0,34.0,35.0,13.0,20.0,4.0,25.0,14.0,25.0,14.0
2017-01-08 19:00:00,67.0,13.0,23.0,40.0,8.0,30.0,75.0,14.0,41.0,58.0,46.0,17.0,24.0,20.0,41.0,24.0,43.0,19.0
2017-01-08 20:00:00,93.0,22.0,44.0,47.0,4.0,30.0,101.0,16.0,54.0,65.0,38.0,20.0,33.0,18.0,62.0,16.0,62.0,16.0
2017-01-08 21:00:00,102.0,43.0,46.0,52.0,8.0,35.0,103.0,12.0,51.0,63.0,43.0,27.0,28.0,10.0,84.0,11.0,60.0,18.0
2017-01-08 22:00:00,103.0,32.0,37.0,52.0,8.0,40.0,81.0,17.0,47.0,59.0,45.0,33.0,20.0,5.0,77.0,10.0,54.0,21.0
2017-01-08 23:00:00,91.0,30.0,47.0,66.0,9.0,38.0,69.0,21.0,58.0,42.0,46.0,39.0,32.0,2.0,90.0,8.0,46.0,24.0
2017-01-09 00:00:00,75.0,26.0,38.0,55.0,6.0,28.0,46.0,16.0,61.0,25.0,32.0,26.0,27.0,3.0,68.0,5.0,50.0,8.0
2017-01-09 01:00:00,62.0,24.0,34.0,35.0,2.0,17.0,47.0,9.0,52.0,33.0,17.0,19.0,19.0,4.0,38.0,4.0,47.0,19.0
2017-01-09 02:00:00,40.0,22.0,37.0,34.0,2.0,13.0,39.0,6.0,29.0,35.0,16.0,22.0,25.0,4.0,28.0,1.0,45.0,22.0
2017-01-09 03:00:00,37.0,21.0,29.0,40.0,8.0,17.0,28.0,6.0,41.0,22.0,19.0,21.0,20.0,2.0,26.0,1.0,43.0,26.0
2017-01-09 04:00:00,31.0,32.0,26.0,40.0,4.0,15.0,25.0,11.0,37.0,18.0,20.0,19.0,22.0,3.0,23.0,1.0,38.0,22.0
2017-01-09 05:00:00,27.0,24.0,23.0,36.0,3.0,13.0,31.0,16.0,38.0,11.0,30.0,16.0,17.0,4.0,17.0,2.0,31.0,26.0
2017-01-09 06:00:00,29.0,23.0,20.0,37.0,8.0,16.0,35.0,12.0,39.0,11.0,35.0,23.0,16.0,4.0,12.0,1.0,23.0,19.0
2017-01-09 07:00:00,50.0,33.0,21.0,46.0,5.0,19.0,37.0,13.0,47.0,8.0,38.0,20.0,10.0,4.0,14.0,5.0,20.0,20.0
2017-01-09 08:00:00,92.0,66.0,36.0,44.0,4.0,28.0,45.0,14.0,54.0,13.0,41.0,34.0,21.0,4.0,19.0,4.0,36.0,12.0
2017-01-09 09:00:00,111.0,67.0,46.0,41.0,3.0,23.0,54.0,18.0,77.0,39.0,59.0,45.0,28.0,1.0,35.0,1.0,59.0,113.0
2017-01-09 10:00:00,94.0,62.0,50.0,53.0,3.0,20.0,49.0,20.0,86.0,34.0,66.0,40.0,49.0,2.0,42.0,14.0,62.0,112.0
2017-01-09 11:00:00,36.0,25.0,37.0,81.0,2.0,9.0,47.0,9.0,61.0,54.0,37.0,13.0,41.0,3.0,18.0,14.0,31.0,109.0
2017-01-09 12:00:00,2.0,13.0,17.0,55.0,3.0,7.0,42.0,12.0,38.0,28.0,22.0,8.0,17.0,10.0,17.0,23.0,24.0,48.0
2017-01-09 13:00:00,1.0,14.0,9.0,19.0,11.0,13.0,15.0,17.0,27.0,6.0,24.0,11.0,20.0,6.0,11.0,11.0,22.0,17.0
2017-01-09 14:00:00,2.0,18.0,10.0,13.0,8.0,13.0,13.0,22.0,17.0,10.0,21.0,11.0,18.0,3.0,9.0,9.0,13.0,4.0
2017-01-09 15:00:00,5.0,15.0,5.0,13.0,2.0,10.0,18.0,17.0,22.0,14.0,23.0,8.0,13.0,8.0,20.0,14.0,8.0,7.0
2017-01-09 16:00:00,11.0,17.0,4.0,8.0,3.0,13.0,28.0,46.0,36.0,12.0,20.0,13.0,14.0,3.0,13.0,6.0,6.0,4.0
2017-01-09 17:00:00,17.0,23.0,8.0,7.0,7.0,14.0,43.0,42.0,41.0,16.0,19.0,8.0,21.0,7.0,20.0,5.0,28.0,8.0
2017-01-09 18:00:00,25.0,29.0,27.0,10.0,8.0,22.0,63.0,21.0,34.0,24.0,19.0,11.0,23.0,5.0,39.0,10.0,43.0,5.0
2017-01-09 19:00:00,63.0,36.0,33.0,21.0,6.0,33.0,108.0,8.0,36.0,38.0,36.0,22.0,19.0,17.0,49.0,5.0,53.0,10.0
2017-01-09 20:00:00,99.0,30.0,42.0,43.0,8.0,40.0,114.0,7.0,32.0,56.0,40.0,21.0,31.0,19.0,81.0,4.0,61.0,8.0
2017-01-09 21:00:00,115.0,23.0,41.0,30.0,2.0,49.0,118.0,4.0,43.0,48.0,52.0,22.0,21.0,29.0,97.0,4.0,73.0,3.0
2017-01-09 22:00:00,98.0,32.0,36.0,25.0,4.0,44.0,133.0,5.0,58.0,60.0,60.0,21.0,20.0,28.0,73.0,2.0,62.0,5.0
2017-01-09 23:00:00,105.0,30.0,22.0,26.0,5.0,32.0,103.0,4.0,71.0,57.0,44.0,25.0,19.0,23.0,48.0,1.0,56.0,6.0
2017-01-10 00:00:00,81.0,34.0,19.0,30.0,4.0,21.0,94.0,5.0,71.0,40.0,36.0,26.0,17.0,22.0,61.0,5.0,45.0,4.0
2017-01-10 01:00:00,58.0,29.0,19.0,33.0,10.0,8.0,79.0,8.0,58.0,46.0,45.0,16.0,12.0,27.0,62.0,12.0,42.0,9.0
2017-01-10 02:00:00,56.0,34.0,13.0,28.0,17.0,10.0,48.0,11.0,64.0,34.0,40.0,18.0,13.0,26.0,52.0,4.0,44.0,16.0
2017-01-10 03:00:00,50.0,33.0,13.0,28.0,11.0,17.0,38.0,13.0,57.0,30.0,51.0,24.0,12.0,10.0,41.0,1.0,47.0,23.0
2017-01-10 04:00:00,42.0,44.0,12.0,28.0,11.0,14.0,43.0,14.0,54.0,19.0,59.0,19.0,8.0,7.0,37.0,1.0,42.0,17.0
2017-01-10 05:00:00,27.0,32.0,9.0,31.0,8.0,12.0,39.0,25.0,45.0,12.0,45.0,18.0,11.0,12.0,36.0,1.0,34.0,13.0
2017-01-10 06:00:00,39.0,38.0,15.0,34.0,7.0,19.0,49.0,13.0,46.0,3.0,35.0,17.0,15.0,18.0,22.0,1.0,40.0,18.0
2017-01-10 07:00:00,48.0,31.0,17.0,28.0,7.0,22.0,52.0,10.0,41.0,9.0,39.0,9.0,17.0,14.0,31.0,5.0,38.0,15.0
2017-01-10 08:00:00,60.0,45.0,15.0,35.0,11.0,20.0,45.0,11.0,40.0,8.0,37.0,6.0,12.0,19.0,18.0,5.0,36.0,18.0
2017-01-10 09:00:00,73.0,56.0,17.0,61.0,16.0,35.0,39.0,18.0,42.0,13.0,45.0,4.0,10.0,17.0,20.0,20.0,50.0,17.0
2017-01-10 10:00:00,63.0,67.0,20.0,80.0,18.0,33.0,45.0,26.0,47.0,15.0,47.0,7.0,23.0,15.0,28.0,13.0,49.0,28.0
2017-01-10 11:00:00,69.0,69.0,32.0,97.0,14.0,30.0,49.0,20.0,61.0,5.0,42.0,11.0,12.0,11.0,28.0,13.0,24.0,31.0
2017-01-10 12:00:00,61.0,67.0,34.0,59.0,14.0,35.0,57.0,4.0,63.0,9.0,16.0,10.0,13.0,15.0,14.0,16.0,23.0,46.0
2017-01-10 13:00:00,65.0,62.0,17.0,55.0,8.0,37.0,40.0,5.0,28.0,8.0,14.0,7.0,15.0,16.0,20.0,31.0,24.0,27.0
2017-01-10 14:00:00,66.0,53.0,12.0,40.0,6.0,39.0,39.0,4.0,27.0,15.0,11.0,7.0,15.0,14.0,24.0,10.0,25.0,19.0
2017-01-10 15:00:00,41.0,30.0,12.0,25.0,9.0,35.0,33.0,3.0,19.0,3.0,9.0,8.0,14.0,4.0,28.0,7.0,27.0,7.0
2017-01-10 16:00:00,26.0,27.0,13.0,24.0,11.0,28.0,29.0,3.0,27.0,7.0,10.0,7.0,20.0,5.0,15.0,12.0,29.0,8.0
2017-01-10 17:00:00,17.0,21.0,29.0,24.0,7.0,16.0,26.0,3.0,36.0,5.0,16.0,10.0,10.0,2.0,20.0,14.0,30.0,6.0
2017-01-10 18:00:00,16.0,17.0,37.0,13.0,11.0,13.0,27.0,5.0,46.0,10.0,59.0,10.0,17.0,3.0,18.0,9.0,21.0,10.0
2017-01-10 19:00:00,13.0,22.0,62.0,8.0,10.0,8.0,18.0,17.0,36.0,11.0,69.0,10.0,10.0,10.0,28.0,15.0,19.0,12.0
2017-01-10 20:00:00,13.0,26.0,57.0,5.0,5.0,18.0,22.0,25.0,43.0,6.0,38.0,7.0,12.0,5.0,14.0,10.0,12.0,6.0
2017-01-10 21:00:00,9.0,23.0,53.0,8.0,2.0,28.0,21.0,19.0,34.0,5.0,58.0,26.0,11.0,7.0,10.0,20.0,29.0,2.0
2017-01-10 22:00:00,4.0,19.0,41.0,8.0,1.0,27.0,14.0,21.0,35.0,5.0,62.0,24.0,36.0,2.0,17.0,13.0,17.0,3.0
2017-01-10 23:00:00,5.0,22.0,46.0,8.0,2.0,21.0,6.0,21.0,29.0,10.0,42.0,22.0,21.0,3.0,14.0,10.0,5.0,5.0
2017-01-11 00:00:00,3.0,10.0,50.0,10.0,5.0,13.0,6.0,13.0,36.0,3.0,23.0,11.0,24.0,2.0,17.0,9.0,6.0,11.0
2017-01-11 01:00:00,6.0,5.0,44.0,14.0,7.0,17.0,4.0,14.0,29.0,10.0,9.0,21.0,6.0,8.0,15.0,14.0,6.0,9.0
2017-01-11 02:00:00,5.0,13.0,34.0,14.0,9.0,13.0,10.0,8.0,27.0,6.0,24.0,23.0,12.0,10.0,13.0,9.0,19.0,3.0
2017-01-11 03:00:00,3.0,18.0,25.0,7.0,7.0,13.0,5.0,4.0,23.0,2.0,29.0,18.0,6.0,5.0,10.0,5.0,20.0,8.0
2017-01-11 04:00:00,5.0,12.0,21.0,2.0,6.0,15.0,8.0,4.0,21.0,2.0,17.0,7.0,4.0,2.0,6.0,5.0,11.0,5.0
2017-01-11 05:00:00,14.0,7.0,19.0,3.0,7.0,12.0,5.0,6.0,22.0,4.0,14.0,5.0,2.0,2.0,3.0,8.0,5.0,8.0
2017-01-11 06:00:00,16.0,4.0,19.0,13.0,4.0,11.0,5.0,5.0,14.0,2.0,15.0,6.0,5.0,3.0,6.0,10.0,5.0,3.0
2017-01-11 07:00:00,25.0,6.0,20.0,19.0,3.0,4.0,9.0,4.0,20.0,2.0,15.0,13.0,10.0,4.0,7.0,5.0,3.0,9.0
2017-01-11 08:00:00,33.0,5.0,25.0,23.0,4.0,1.0,10.0,13.0,33.0,2.0,18.0,12.0,8.0,23.0,6.0,10.0,3.0,7.0
2017-01-11 09:00:00,20.0,4.0,26.0,34.0,6.0,5.0,18.0,20.0,40.0,2.0,39.0,15.0,20.0,14.0,9.0,2.0,13.0,4.0
2017-01-11 10:00:00,12.0,15.0,43.0,54.0,4.0,3.0,20.0,27.0,52.0,4.0,34.0,22.0,16.0,15.0,25.0,14.0,15.0,7.0
2017-01-11 11:00:00,25.0,11.0,18.0,68.0,5.0,8.0,6.0,13.0,46.0,4.0,26.0,13.0,19.0,6.0,31.0,7.0,15.0,12.0
2017-01-11 12:00:00,19.0,11.0,14.0,52.0,2.0,4.0,17.0,11.0,21.0,4.0,19.0,4.0,12.0,12.0,42.0,3.0,14.0,5.0
2017-01-11 13:00:00,10.0,6.0,1.0,23.0,2.0,4.0,14.0,16.0,9.0,7.0,13.0,47.0,17.0,5.0,19.0,5.0,18.0,6.0
2017-01-11 14:00:00,8.0,7.0,2.0,3.0,5.0,2.0,7.0,7.0,17.0,1.0,5.0,4.0,10.0,9.0,16.0,8.0,15.0,5.0
2017-01-11 15:00:00,7.0,8.0,6.0,2.0,4.0,3.0,12.0,1.0,10.0,7.0,5.0,3.0,11.0,5.0,5.0,7.0,10.0,6.0
2017-01-11 16:00:00,13.0,6.0,5.0,4.0,2.0,5.0,13.0,2.0,7.0,6.0,8.0,2.0,11.0,5.0,7.0,5.0,8.0,3.0
2017-01-11 17:00:00,20.0,1.0,2.0,7.0,3.0,9.0,9.0,1.0,18.0,8.0,13.0,6.0,12.0,4.0,14.0,5.0,7.0,4.0
2017-01-11 18:00:00,16.0,4.0,27.0,25.0,3.0,7.0,18.0,7.0,18.0,12.0,27.0,5.0,19.0,3.0,14.0,12.0,14.0,7.0
2017-01-11 19:00:00,24.0,7.0,56.0,48.0,4.0,17.0,20.0,11.0,34.0,14.0,46.0,15.0,11.0,3.0,13.0,10.0,17.0,2.0
2017-01-11 20:00:00,64.0,16.0,55.0,26.0,4.0,21.0,40.0,14.0,34.0,23.0,65.0,15.0,14.0,3.0,20.0,5.0,6.0,3.0
2017-01-11 21:00:00,62.0,26.0,53.0,24.0,2.0,31.0,48.0,17.0,34.0,28.0,74.0,25.0,25.0,8.0,24.0,5.0,16.0,2.0
2017-01-11 22:00:00,58.0,29.0,50.0,16.0,5.0,36.0,58.0,23.0,45.0,23.0,59.0,37.0,33.0,4.0,17.0,5.0,21.0,4.0
2017-01-11 23:00:00,61.0,23.0,44.0,9.0,4.0,25.0,41.0,26.0,55.0,24.0,54.0,31.0,41.0,2.0,11.0,5.0,23.0,2.0
2017-01-12 00:00:00,57.0,20.0,24.0,15.0,4.0,16.0,37.0,18.0,49.0,24.0,41.0,20.0,36.0,3.0,20.0,5.0,26.0,2.0
2017-01-12 01:00:00,39.0,14.0,19.0,14.0,6.0,11.0,38.0,11.0,50.0,31.0,40.0,5.0,25.0,16.0,26.0,1.0,16.0,3.0
2017-01-12 02:00:00,33.0,11.0,11.0,9.0,4.0,9.0,31.0,12.0,46.0,32.0,22.0,24.0,16.0,8.0,21.0,4.0,21.0,2.0
2017-01-12 03:00:00,26.0,15.0,9.0,11.0,4.0,9.0,28.0,6.0,47.0,1.0,32.0,21.0,11.0,8.0,21.0,5.0,21.0,10.0
2017-01-12 04:00:00,22.0,18.0,7.0,17.0,4.0,12.0,26.0,15.0,59.0,1.0,45.0,10.0,4.0,8.0,14.0,4.0,16.0,4.0
2017-01-12 05:00:00,31.0,19.0,6.0,24.0,5.0,6.0,17.0,17.0,43.0,13.0,43.0,7.0,11.0,4.0,8.0,1.0,12.0,2.0
2017-01-12 06:00:00,53.0,23.0,5.0,22.0,3.0,13.0,27.0,20.0,35.0,8.0,38.0,12.0,6.0,3.0,10.0,1.0,9.0,4.0
2017-01-12 07:00:00,38.0,28.0,10.0,23.0,2.0,21.0,32.0,24.0,42.0,6.0,45.0,14.0,7.0,3.0,13.0,4.0,14.0,9.0
2017-01-12 08:00:00,36.0,52.0,12.0,35.0,3.0,35.0,51.0,26.0,34.0,14.0,81.0,28.0,15.0,4.0,22.0,1.0,27.0,2.0
2017-01-12 09:00:00,44.0,60.0,18.0,37.0,3.0,49.0,54.0,29.0,52.0,20.0,94.0,31.0,27.0,4.0,25.0,2.0,26.0,6.0
2017-01-12 10:00:00,55.0,62.0,20.0,54.0,4.0,40.0,47.0,24.0,59.0,16.0,74.0,24.0,41.0,2.0,30.0,17.0,26.0,16.0
2017-01-12 11:00:00,58.0,36.0,24.0,66.0,6.0,21.0,33.0,21.0,48.0,12.0,71.0,22.0,30.0,11.0,29.0,15.0,25.0,21.0
2017-01-12 12:00:00,32.0,30.0,20.0,67.0,2.0,20.0,18.0,18.0,48.0,4.0,34.0,7.0,25.0,13.0,29.0,12.0,29.0,38.0
2017-01-12 13:00:00,10.0,36.0,14.0,57.0,6.0,22.0,31.0,5.0,25.0,6.0,12.0,7.0,22.0,11.0,26.0,16.0,28.0,27.0
2017-01-12 14:00:00,8.0,38.0,8.0,15.0,11.0,30.0,42.0,5.0,14.0,16.0,5.0,2.0,13.0,7.0,22.0,15.0,22.0,14.0
2017-01-12 15:00:00,16.0,19.0,3.0,14.0,15.0,24.0,28.0,5.0,17.0,14.0,10.0,4.0,15.0,12.0,17.0,9.0,15.0,13.0
2017-01-12 16:00:00,18.0,17.0,4.0,19.0,16.0,28.0,19.0,4.0,16.0,18.0,12.0,8.0,24.0,15.0,20.0,13.0,9.0,12.0
2017-01-12 17:00:00,18.0,22.0,9.0,17.0,19.0,27.0,14.0,5.0,15.0,19.0,9.0,11.0,20.0,12.0,29.0,16.0,14.0,12.0
2017-01-12 18:00:00,18.0,26.0,13.0,23.0,23.0,27.0,19.0,4.0,30.0,21.0,14.0,13.0,16.0,10.0,21.0,18.0,26.0,11.0
2017-01-12 19:00:00,22.0,12.0,12.0,14.0,33.0,4.0,27.0,8.0,25.0,26.0,19.0,8.0,16.0,9.0,25.0,20.0,28.0,11.0
2017-01-12 20:00:00,24.0,28.0,14.0,13.0,34.0,1.0,25.0,6.0,22.0,42.0,14.0,15.0,18.0,12.0,21.0,16.0,26.0,10.0
2017-01-12 21:00:00,21.0,25.0,12.0,12.0,26.0,2.0,16.0,12.0,25.0,40.0,14.0,13.0,14.0,14.0,21.0,18.0,21.0,11.0
2017-01-12 22:00:00,29.0,6.0,11.0,10.0,17.0,9.0,21.0,10.0,19.0,15.0,12.0,10.0,16.0,14.0,17.0,21.0,20.0,13.0
2017-01-12 23:00:00,28.0,4.0,11.0,12.0,9.0,11.0,14.0,11.0,22.0,13.0,15.0,11.0,13.0,21.0,12.0,19.0,27.0,4.0
2017-01-13 00:00:00,29.0,13.0,12.0,12.0,10.0,10.0,20.0,4.0,12.0,9.0,8.0,19.0,18.0,13.0,12.0,18.0,25.0,9.0
2017-01-13 01:00:00,22.0,10.0,9.0,18.0,8.0,12.0,15.0,7.0,20.0,17.0,10.0,28.0,17.0,9.0,9.0,18.0,31.0,13.0
2017-01-13 02:00:00,27.0,10.0,9.0,22.0,12.0,7.0,20.0,11.0,23.0,11.0,12.0,21.0,12.0,17.0,6.0,10.0,29.0,18.0
2017-01-13 03:00:00,20.0,13.0,14.0,19.0,12.0,5.0,16.0,2.0,12.0,8.0,3.0,2.0,10.0,23.0,13.0,5.0,23.0,14.0
2017-01-13 04:00:00,16.0,4.0,17.0,9.0,13.0,4.0,11.0,3.0,7.0,6.0,2.0,1.0,1.0,13.0,10.0,1.0,25.0,17.0
2017-01-13 05:00:00,27.0,6.0,16.0,4.0,11.0,4.0,4.0,5.0,6.0,9.0,1.0,4.0,1.0,10.0,7.0,1.0,23.0,16.0
2017-01-13 06:00:00,34.0,7.0,9.0,4.0,6.0,3.0,8.0,2.0,8.0,15.0,3.0,2.0,1.0,5.0,2.0,1.0,21.0,8.0
2017-01-13 07:00:00,34.0,3.0,6.0,6.0,9.0,5.0,13.0,4.0,13.0,6.0,12.0,2.0,4.0,6.0,3.0,1.0,20.0,2.0
2017-01-13 08:00:00,33.0,6.0,3.0,11.0,12.0,19.0,21.0,9.0,9.0,15.0,19.0,8.0,7.0,8.0,8.0,11.0,30.0,4.0
2017-01-13 09:00:00,21.0,14.0,6.0,23.0,7.0,16.0,39.0,7.0,16.0,15.0,18.0,12.0,10.0,6.0,14.0,6.0,34.0,5.0
2017-01-13 10:00:00,2.0,28.0,4.0,32.0,8.0,3.0,32.0,14.0,15.0,5.0,12.0,10.0,10.0,1.0,20.0,5.0,20.0,6.0
2017-01-13 11:00:00,6.0,18.0,4.0,22.0,11.0,1.0,6.0,7.0,17.0,1.0,15.0,9.0,10.0,2.0,17.0,6.0,8.0,5.0
2017-01-13 12:00:00,15.0,7.0,4.0,9.0,10.0,11.0,19.0,4.0,13.0,2.0,9.0,11.0,11.0,8.0,12.0,11.0,9.0,8.0
2017-01-13 13:00:00,25.0,8.0,10.0,5.0,7.0,11.0,3.0,6.0,20.0,4.0,9.0,3.0,8.0,10.0,10.0,9.0,10.0,3.0
2017-01-13 14:00:00,16.0,5.0,13.0,4.0,7.0,6.0,9.0,2.0,23.0,6.0,10.0,5.0,6.0,6.0,7.0,14.0,15.0,1.0
2017-01-13 15:00:00,17.0,3.0,12.0,4.0,6.0,5.0,10.0,4.0,14.0,5.0,10.0,6.0,5.0,3.0,5.0,10.0,10.0,4.0
2017-01-13 16:00:00,11.0,7.0,9.0,6.0,4.0,6.0,11.0,3.0,8.0,3.0,9.0,7.0,8.0,3.0,7.0,10.0,6.0,11.0
2017-01-13 17:00:00,17.0,7.0,3.0,5.0,3.0,11.0,11.0,2.0,15.0,9.0,7.0,3.0,11.0,2.0,8.0,5.0,11.0,6.0
2017-01-13 18:00:00,15.0,5.0,4.0,6.0,8.0,10.0,20.0,2.0,10.0,13.0,12.0,4.0,7.0,4.0,8.0,1.0,12.0,7.0
2017-01-13 19:00:00,11.0,7.0,12.0,9.0,7.0,11.0,28.0,5.0,17.0,12.0,26.0,3.0,13.0,6.0,11.0,3.0,12.0,6.0
2017-01-13 20:00:00,13.0,10.0,15.0,17.0,5.0,10.0,17.0,10.0,17.0,12.0,23.0,7.0,11.0,12.0,11.0,15.0,15.0,2.0
2017-01-13 21:00:00,13.0,4.0,18.0,21.0,4.0,13.0,16.0,6.0,15.0,11.0,23.0,7.0,16.0,6.0,14.0,14.0,14.0,3.0
2017-01-13 22:00:00,14.0,11.0,20.0,15.0,3.0,11.0,12.0,7.0,18.0,13.0,26.0,16.0,16.0,7.0,14.0,2.0,14.0,3.0
2017-01-13 23:00:00,20.0,7.0,15.0,21.0,2.0,6.0,14.0,6.0,18.0,18.0,29.0,12.0,16.0,6.0,14.0,5.0,6.0,5.0
2017-01-14 00:00:00,23.0,9.0,18.0,7.0,3.0,7.0,15.0,8.0,22.0,21.0,25.0,9.0,6.0,7.0,9.0,14.0,8.0,5.0
2017-01-14 01:00:00,28.0,7.0,24.0,3.0,8.0,7.0,22.0,12.0,17.0,28.0,22.0,12.0,11.0,6.0,6.0,13.0,9.0,5.0
2017-01-14 02:00:00,27.0,8.0,22.0,3.0,14.0,4.0,11.0,9.0,20.0,21.0,23.0,9.0,17.0,17.0,3.0,6.0,4.0,8.0
2017-01-14 03:00:00,25.0,7.0,15.0,7.0,13.0,9.0,7.0,10.0,23.0,3.0,29.0,4.0,11.0,5.0,4.0,6.0,6.0,6.0
2017-01-14 04:00:00,21.0,4.0,15.0,11.0,7.0,8.0,4.0,11.0,17.0,2.0,26.0,8.0,10.0,1.0,7.0,4.0,10.0,7.0
2017-01-14 05:00:00,13.0,9.0,4.0,6.0,4.0,7.0,3.0,6.0,21.0,2.0,20.0,7.0,5.0,1.0,9.0,1.0,4.0,3.0
2017-01-14 06:00:00,19.0,8.0,13.0,8.0,5.0,5.0,8.0,11.0,20.0,8.0,18.0,8.0,4.0,2.0,10.0,4.0,12.0,2.0
2017-01-14 07:00:00,21.0,12.0,5.0,9.0,8.0,11.0,9.0,6.0,18.0,8.0,22.0,6.0,5.0,2.0,7.0,4.0,15.0,3.0
2017-01-14 08:00:00,21.0,9.0,11.0,8.0,6.0,8.0,26.0,11.0,27.0,4.0,30.0,7.0,6.0,3.0,7.0,5.0,30.0,9.0
2017-01-14 09:00:00,22.0,32.0,14.0,26.0,7.0,12.0,39.0,16.0,35.0,4.0,37.0,13.0,7.0,2.0,15.0,13.0,28.0,10.0
2017-01-14 10:00:00,17.0,44.0,16.0,34.0,8.0,11.0,39.0,12.0,30.0,5.0,29.0,21.0,15.0,1.0,15.0,12.0,12.0,6.0
2017-01-14 11:00:00,4.0,12.0,20.0,29.0,11.0,5.0,37.0,5.0,33.0,4.0,25.0,14.0,14.0,1.0,16.0,5.0,1.0,8.0
2017-01-14 12:00:00,1.0,6.0,9.0,18.0,14.0,6.0,19.0,9.0,18.0,2.0,14.0,5.0,4.0,1.0,13.0,6.0,9.0,6.0
2017-01-14 13:00:00,1.0,4.0,6.0,5.0,8.0,3.0,8.0,3.0,5.0,2.0,10.0,1.0,11.0,6.0,8.0,5.0,12.0,8.0
2017-01-14 14:00:00,2.0,2.0,2.0,3.0,7.0,5.0,6.0,1.0,3.0,2.0,8.0,1.0,1.0,7.0,7.0,4.0,14.0,5.0
2017-01-14 15:00:00,5.0,7.0,1.0,1.0,5.0,5.0,4.0,3.0,4.0,10.0,1.0,2.0,2.0,5.0,14.0,6.0,11.0,10.0
2017-01-14 16:00:00,10.0,3.0,1.0,2.0,7.0,5.0,7.0,2.0,6.0,13.0,1.0,2.0,10.0,8.0,2.0,9.0,9.0,4.0
2017-01-14 17:00:00,9.0,5.0,2.0,1.0,3.0,5.0,9.0,3.0,6.0,10.0,2.0,2.0,7.0,6.0,2.0,7.0,10.0,2.0
2017-01-14 18:00:00,6.0,10.0,2.0,3.0,2.0,7.0,6.0,2.0,5.0,8.0,6.0,4.0,7.0,7.0,6.0,7.0,7.0,3.0
2017-01-14 19:00:00,6.0,6.0,1.0,6.0,3.0,6.0,8.0,4.0,6.0,11.0,13.0,7.0,7.0,7.0,5.0,18.0,10.0,4.0
2017-01-14 20:00:00,18.0,7.0,3.0,5.0,3.0,6.0,9.0,6.0,15.0,8.0,28.0,11.0,12.0,10.0,2.0,9.0,8.0,3.0
2017-01-14 21:00:00,13.0,6.0,13.0,3.0,3.0,7.0,3.0,13.0,20.0,8.0,35.0,11.0,12.0,8.0,7.0,8.0,6.0,12.0
2017-01-14 22:00:00,20.0,10.0,30.0,11.0,3.0,11.0,6.0,16.0,27.0,9.0,37.0,12.0,16.0,8.0,5.0,14.0,3.0,4.0
2017-01-14 23:00:00,26.0,6.0,40.0,8.0,4.0,7.0,7.0,12.0,28.0,7.0,44.0,15.0,18.0,5.0,1.0,9.0,9.0,10.0
2017-01-15 00:00:00,30.0,8.0,46.0,10.0,2.0,6.0,6.0,8.0,37.0,2.0,28.0,17.0,13.0,6.0,1.0,11.0,5.0,7.0
2017-01-15 01:00:00,27.0,24.0,34.0,9.0,2.0,14.0,18.0,9.0,31.0,1.0,16.0,12.0,15.0,9.0,4.0,6.0,9.0,13.0
2017-01-15 02:00:00,23.0,17.0,29.0,13.0,2.0,11.0,17.0,12.0,20.0,2.0,16.0,7.0,13.0,7.0,9.0,6.0,26.0,2.0
2017-01-15 03:00:00,18.0,7.0,16.0,14.0,4.0,6.0,19.0,6.0,22.0,8.0,9.0,7.0,9.0,6.0,11.0,5.0,21.0,3.0
2017-01-15 04:00:00,12.0,1.0,13.0,12.0,8.0,4.0,16.0,9.0,15.0,6.0,6.0,1.0,5.0,8.0,9.0,11.0,18.0,10.0
2017-01-15 05:00:00,16.0,5.0,12.0,17.0,7.0,2.0,12.0,5.0,4.0,5.0,6.0,2.0,7.0,4.0,6.0,2.0,10.0,4.0
2017-01-15 06:00:00,17.0,5.0,13.0,17.0,6.0,7.0,22.0,2.0,3.0,6.0,4.0,5.0,5.0,12.0,8.0,1.0,12.0,5.0
2017-01-15 07:00:00,15.0,7.0,8.0,17.0,5.0,5.0,21.0,3.0,6.0,6.0,6.0,4.0,5.0,9.0,8.0,4.0,14.0,3.0
2017-01-15 08:00:00,4.0,4.0,2.0,12.0,6.0,7.0,19.0,6.0,9.0,5.0,4.0,2.0,5.0,9.0,5.0,1.0,13.0,2.0
2017-01-15 09:00:00,12.0,15.0,2.0,11.0,6.0,3.0,9.0,6.0,10.0,6.0,5.0,5.0,5.0,6.0,6.0,1.0,14.0,7.0
2017-01-15 10:00:00,7.0,8.0,3.0,14.0,7.0,5.0,9.0,5.0,12.0,3.0,7.0,8.0,8.0,2.0,7.0,5.0,9.0,5.0
2017-01-15 11:00:00,1.0,8.0,5.0,11.0,11.0,3.0,24.0,10.0,11.0,1.0,7.0,5.0,5.0,2.0,7.0,4.0,5.0,15.0
2017-01-15 12:00:00,1.0,5.0,3.0,7.0,6.0,5.0,21.0,3.0,11.0,2.0,7.0,6.0,4.0,1.0,7.0,5.0,6.0,4.0
2017-01-15 13:00:00,1.0,6.0,3.0,6.0,3.0,5.0,13.0,5.0,5.0,1.0,5.0,3.0,4.0,4.0,4.0,5.0,15.0,2.0
2017-01-15 14:00:00,3.0,5.0,1.0,6.0,4.0,4.0,3.0,5.0,3.0,5.0,2.0,4.0,4.0,4.0,4.0,5.0,20.0,4.0
2017-01-15 15:00:00,5.0,4.0,1.0,4.0,5.0,6.0,9.0,3.0,4.0,9.0,7.0,5.0,5.0,5.0,9.0,4.0,19.0,4.0
2017-01-15 16:00:00,9.0,7.0,2.0,3.0,4.0,7.0,5.0,1.0,7.0,11.0,4.0,5.0,2.0,6.0,12.0,1.0,20.0,8.0
2017-01-15 17:00:00,11.0,6.0,2.0,2.0,6.0,6.0,8.0,3.0,3.0,13.0,3.0,7.0,3.0,4.0,10.0,2.0,10.0,8.0
2017-01-15 18:00:00,8.0,5.0,2.0,3.0,4.0,6.0,7.0,3.0,10.0,8.0,13.0,8.0,7.0,6.0,6.0,14.0,7.0,4.0
2017-01-15 19:00:00,6.0,16.0,9.0,5.0,5.0,8.0,9.0,13.0,13.0,10.0,34.0,14.0,10.0,10.0,6.0,6.0,5.0,6.0
2017-01-15 20:00:00,8.0,17.0,26.0,14.0,3.0,11.0,16.0,17.0,25.0,15.0,44.0,14.0,12.0,7.0,7.0,6.0,9.0,5.0
2017-01-15 21:00:00,15.0,14.0,40.0,18.0,5.0,7.0,36.0,11.0,23.0,16.0,34.0,22.0,15.0,7.0,40.0,11.0,13.0,1.0
2017-01-15 22:00:00,14.0,8.0,33.0,19.0,5.0,6.0,34.0,8.0,23.0,10.0,40.0,26.0,12.0,3.0,47.0,2.0,7.0,4.0
2017-01-15 23:00:00,2.0,7.0,26.0,13.0,2.0,4.0,29.0,12.0,28.0,2.0,31.0,22.0,14.0,5.0,45.0,5.0,4.0,6.0
2017-01-16 00:00:00,1.0,2.0,24.0,9.0,1.0,2.0,20.0,15.0,28.0,1.0,20.0,7.0,13.0,2.0,37.0,6.0,3.0,15.0
2017-01-16 01:00:00,1.0,3.0,29.0,15.0,1.0,10.0,14.0,3.0,34.0,6.0,11.0,7.0,8.0,1.0,35.0,5.0,3.0,11.0
2017-01-16 02:00:00,2.0,6.0,18.0,20.0,1.0,9.0,6.0,3.0,22.0,9.0,4.0,4.0,8.0,4.0,28.0,5.0,7.0,6.0
2017-01-16 03:00:00,5.0,2.0,16.0,11.0,1.0,11.0,4.0,7.0,27.0,4.0,14.0,4.0,4.0,2.0,16.0,1.0,3.0,5.0
2017-01-16 04:00:00,5.0,6.0,12.0,16.0,2.0,8.0,10.0,4.0,24.0,2.0,19.0,9.0,2.0,2.0,8.0,1.0,7.0,4.0
2017-01-16 05:00:00,3.0,9.0,15.0,10.0,5.0,1.0,12.0,2.0,25.0,2.0,23.0,1.0,4.0,2.0,18.0,1.0,12.0,8.0
2017-01-16 06:00:00,8.0,7.0,14.0,15.0,4.0,2.0,23.0,7.0,17.0,2.0,14.0,2.0,1.0,3.0,12.0,1.0,11.0,3.0
2017-01-16 07:00:00,14.0,15.0,12.0,25.0,3.0,6.0,16.0,7.0,20.0,4.0,22.0,3.0,1.0,3.0,17.0,1.0,17.0,3.0
2017-01-16 08:00:00,23.0,21.0,9.0,26.0,3.0,9.0,35.0,6.0,23.0,3.0,20.0,5.0,4.0,2.0,27.0,3.0,16.0,9.0
2017-01-16 09:00:00,15.0,23.0,22.0,31.0,6.0,6.0,56.0,8.0,23.0,4.0,25.0,9.0,10.0,2.0,41.0,6.0,8.0,2.0
2017-01-16 10:00:00,6.0,8.0,28.0,22.0,7.0,19.0,32.0,10.0,19.0,1.0,18.0,12.0,4.0,1.0,50.0,7.0,3.0,3.0
2017-01-16 11:00:00,5.0,19.0,11.0,46.0,6.0,18.0,41.0,8.0,30.0,1.0,10.0,5.0,4.0,1.0,36.0,5.0,15.0,5.0
2017-01-16 12:00:00,13.0,11.0,1.0,26.0,6.0,15.0,12.0,2.0,19.0,2.0,3.0,2.0,6.0,1.0,37.0,4.0,14.0,9.0
2017-01-16 13:00:00,9.0,14.0,1.0,14.0,7.0,7.0,6.0,5.0,11.0,7.0,3.0,3.0,6.0,6.0,17.0,5.0,30.0,3.0
2017-01-16 14:00:00,4.0,11.0,1.0,10.0,7.0,6.0,15.0,5.0,23.0,1.0,3.0,4.0,6.0,4.0,9.0,5.0,41.0,6.0
2017-01-16 15:00:00,8.0,5.0,2.0,4.0,6.0,3.0,16.0,2.0,13.0,2.0,11.0,4.0,5.0,2.0,9.0,1.0,30.0,6.0
2017-01-16 16:00:00,11.0,15.0,3.0,7.0,6.0,3.0,8.0,5.0,17.0,6.0,8.0,2.0,4.0,4.0,18.0,15.0,25.0,5.0
2017-01-16 17:00:00,15.0,7.0,5.0,9.0,4.0,7.0,6.0,1.0,13.0,11.0,8.0,6.0,10.0,1.0,10.0,9.0,16.0,6.0
2017-01-16 18:00:00,5.0,10.0,4.0,9.0,3.0,9.0,8.0,7.0,16.0,8.0,25.0,7.0,6.0,5.0,10.0,13.0,13.0,5.0
2017-01-16 19:00:00,13.0,7.0,14.0,12.0,4.0,8.0,20.0,13.0,23.0,11.0,39.0,15.0,18.0,4.0,9.0,5.0,10.0,5.0
2017-01-16 20:00:00,11.0,4.0,24.0,14.0,2.0,4.0,16.0,16.0,39.0,10.0,50.0,13.0,24.0,3.0,8.0,13.0,8.0,3.0
2017-01-16 21:00:00,11.0,3.0,36.0,12.0,3.0,4.0,13.0,13.0,31.0,3.0,27.0,10.0,14.0,8.0,15.0,7.0,4.0,6.0
2017-01-16 22:00:00,9.0,4.0,28.0,11.0,1.0,4.0,7.0,4.0,17.0,2.0,14.0,6.0,9.0,7.0,12.0,5.0,5.0,2.0
2017-01-16 23:00:00,1.0,5.0,28.0,5.0,3.0,5.0,5.0,3.0,17.0,5.0,5.0,6.0,9.0,5.0,7.0,8.0,2.0,9.0
2017-01-17 00:00:00,3.0,3.0,22.0,2.0,4.0,3.0,5.0,8.0,13.0,2.0,9.0,4.0,9.0,2.0,3.0,13.0,7.0,34.0
2017-01-17 01:00:00,2.0,1.0,18.0,4.0,2.0,5.0,9.0,2.0,17.0,3.0,5.0,3.0,5.0,1.0,1.0,9.0,3.0,18.0
2017-01-17 02:00:00,3.0,4.0,12.0,3.0,4.0,5.0,8.0,1.0,18.0,4.0,10.0,1.0,2.0,7.0,3.0,8.0,4.0,2.0
2017-01-17 03:00:00,7.0,2.0,21.0,3.0,1.0,2.0,2.0,3.0,17.0,4.0,17.0,2.0,1.0,1.0,4.0,5.0,9.0,7.0
2017-01-17 04:00:00,3.0,4.0,10.0,2.0,3.0,2.0,3.0,6.0,14.0,4.0,6.0,2.0,2.0,3.0,1.0,1.0,1.0,6.0
2017-01-17 05:00:00,3.0,3.0,13.0,1.0,2.0,4.0,5.0,5.0,7.0,1.0,3.0,2.0,2.0,1.0,2.0,1.0,4.0,2.0
2017-01-17 06:00:00,7.0,4.0,2.0,3.0,5.0,4.0,4.0,5.0,13.0,3.0,10.0,4.0,1.0,4.0,4.0,1.0,2.0,1.0
2017-01-17 07:00:00,3.0,5.0,3.0,11.0,5.0,3.0,6.0,4.0,7.0,3.0,16.0,2.0,2.0,3.0,6.0,1.0,4.0,2.0
2017-01-17 08:00:00,5.0,5.0,17.0,9.0,3.0,8.0,7.0,8.0,19.0,4.0,24.0,4.0,6.0,5.0,14.0,1.0,4.0,4.0
2017-01-17 09:00:00,7.0,4.0,26.0,8.0,4.0,7.0,15.0,23.0,30.0,2.0,41.0,10.0,12.0,3.0,6.0,6.0,9.0,4.0
2017-01-17 10:00:00,25.0,6.0,49.0,14.0,3.0,7.0,7.0,17.0,34.0,2.0,32.0,17.0,12.0,2.0,8.0,7.0,13.0,6.0
2017-01-17 11:00:00,30.0,8.0,26.0,18.0,7.0,6.0,11.0,8.0,35.0,4.0,15.0,9.0,8.0,2.0,14.0,9.0,33.0,4.0
2017-01-17 12:00:00,21.0,3.0,3.0,12.0,4.0,3.0,13.0,14.0,15.0,2.0,4.0,5.0,7.0,7.0,22.0,11.0,36.0,7.0
2017-01-17 13:00:00,10.0,8.0,1.0,14.0,4.0,2.0,11.0,15.0,11.0,1.0,6.0,1.0,7.0,8.0,19.0,15.0,24.0,9.0
2017-01-17 14:00:00,6.0,5.0,2.0,12.0,2.0,3.0,4.0,1.0,32.0,2.0,7.0,2.0,8.0,6.0,11.0,7.0,10.0,6.0
2017-01-17 15:00:00,8.0,6.0,1.0,6.0,2.0,3.0,3.0,2.0,15.0,6.0,5.0,5.0,9.0,8.0,5.0,12.0,9.0,3.0
2017-01-17 16:00:00,12.0,1.0,2.0,6.0,2.0,5.0,11.0,6.0,9.0,4.0,6.0,4.0,1.0,2.0,1.0,14.0,6.0,6.0
2017-01-17 17:00:00,16.0,17.0,4.0,8.0,2.0,11.0,16.0,1.0,17.0,10.0,2.0,5.0,2.0,1.0,2.0,14.0,11.0,4.0
2017-01-17 18:00:00,15.0,5.0,4.0,8.0,1.0,10.0,21.0,4.0,19.0,22.0,9.0,7.0,4.0,4.0,4.0,6.0,12.0,5.0
2017-01-17 19:00:00,20.0,1.0,7.0,7.0,1.0,8.0,7.0,6.0,14.0,14.0,8.0,8.0,6.0,11.0,4.0,5.0,13.0,3.0
2017-01-17 20:00:00,14.0,4.0,8.0,7.0,1.0,9.0,4.0,5.0,14.0,14.0,6.0,9.0,5.0,12.0,6.0,7.0,8.0,2.0
2017-01-17 21:00:00,24.0,10.0,6.0,9.0,3.0,9.0,2.0,4.0,8.0,9.0,10.0,9.0,4.0,8.0,6.0,11.0,7.0,1.0
2017-01-17 22:00:00,22.0,15.0,5.0,6.0,4.0,6.0,2.0,7.0,10.0,7.0,5.0,8.0,6.0,10.0,8.0,2.0,7.0,2.0
2017-01-17 23:00:00,19.0,6.0,6.0,7.0,3.0,3.0,1.0,1.0,8.0,1.0,5.0,9.0,7.0,6.0,7.0,4.0,7.0,3.0
2017-01-18 00:00:00,13.0,2.0,6.0,6.0,4.0,6.0,4.0,5.0,9.0,1.0,6.0,7.0,6.0,10.0,2.0,5.0,4.0,5.0
2017-01-18 01:00:00,10.0,2.0,8.0,2.0,3.0,2.0,13.0,3.0,10.0,2.0,13.0,7.0,5.0,7.0,1.0,7.0,3.0,10.0
2017-01-18 02:00:00,13.0,2.0,7.0,2.0,1.0,2.0,12.0,2.0,9.0,2.0,7.0,1.0,7.0,3.0,3.0,10.0,2.0,2.0
2017-01-18 03:00:00,11.0,3.0,2.0,12.0,2.0,9.0,6.0,3.0,10.0,1.0,3.0,5.0,6.0,2.0,2.0,4.0,3.0,2.0
2017-01-18 04:00:00,7.0,7.0,5.0,7.0,3.0,7.0,7.0,3.0,15.0,1.0,3.0,8.0,6.0,4.0,1.0,17.0,5.0,4.0
2017-01-18 05:00:00,14.0,5.0,10.0,8.0,3.0,2.0,8.0,3.0,11.0,4.0,6.0,5.0,8.0,2.0,1.0,2.0,6.0,3.0
2017-01-18 06:00:00,18.0,5.0,12.0,6.0,3.0,5.0,8.0,6.0,12.0,12.0,8.0,3.0,9.0,2.0,3.0,1.0,6.0,6.0
2017-01-18 07:00:00,22.0,8.0,10.0,6.0,3.0,11.0,6.0,4.0,23.0,11.0,12.0,8.0,6.0,1.0,7.0,5.0,11.0,9.0
2017-01-18 08:00:00,26.0,5.0,9.0,12.0,2.0,8.0,19.0,6.0,24.0,10.0,16.0,18.0,5.0,2.0,8.0,5.0,15.0,4.0
2017-01-18 09:00:00,28.0,18.0,18.0,17.0,4.0,24.0,26.0,13.0,22.0,19.0,24.0,19.0,10.0,2.0,10.0,9.0,14.0,4.0
2017-01-18 10:00:00,20.0,18.0,12.0,29.0,9.0,23.0,28.0,12.0,24.0,20.0,21.0,19.0,10.0,8.0,12.0,9.0,7.0,9.0
2017-01-18 11:00:00,3.0,24.0,44.0,7.0,5.0,31.0,25.0,12.0,25.0,36.0,15.0,15.0,11.0,5.0,11.0,9.0,2.0,23.0
2017-01-18 12:00:00,1.0,9.0,9.0,7.0,6.0,16.0,21.0,8.0,12.0,31.0,13.0,9.0,7.0,11.0,11.0,17.0,1.0,19.0
2017-01-18 13:00:00,1.0,5.0,1.0,10.0,7.0,11.0,18.0,7.0,10.0,19.0,8.0,4.0,12.0,14.0,10.0,7.0,1.0,12.0
2017-01-18 14:00:00,10.0,6.0,2.0,12.0,11.0,8.0,7.0,10.0,20.0,56.0,9.0,5.0,4.0,7.0,7.0,14.0,4.0,6.0
2017-01-18 15:00:00,2.0,9.0,3.0,11.0,16.0,9.0,13.0,10.0,20.0,55.0,9.0,4.0,11.0,6.0,8.0,4.0,10.0,5.0
2017-01-18 16:00:00,1.0,5.0,3.0,8.0,14.0,8.0,14.0,3.0,15.0,13.0,8.0,3.0,12.0,4.0,9.0,14.0,7.0,5.0
2017-01-18 17:00:00,3.0,12.0,3.0,10.0,6.0,6.0,12.0,3.0,12.0,47.0,10.0,9.0,11.0,1.0,9.0,26.0,10.0,8.0
2017-01-18 18:00:00,23.0,22.0,8.0,14.0,4.0,12.0,31.0,4.0,10.0,32.0,23.0,7.0,6.0,7.0,7.0,13.0,11.0,7.0
2017-01-18 19:00:00,42.0,16.0,27.0,15.0,4.0,20.0,21.0,13.0,16.0,37.0,31.0,11.0,9.0,15.0,17.0,14.0,12.0,7.0
2017-01-18 20:00:00,33.0,9.0,39.0,12.0,2.0,15.0,16.0,12.0,14.0,26.0,25.0,14.0,14.0,15.0,19.0,23.0,15.0,7.0
2017-01-18 21:00:00,32.0,20.0,34.0,16.0,2.0,12.0,15.0,9.0,23.0,23.0,23.0,17.0,14.0,6.0,10.0,13.0,18.0,2.0
2017-01-18 22:00:00,29.0,25.0,30.0,12.0,5.0,11.0,8.0,6.0,24.0,26.0,15.0,13.0,15.0,12.0,10.0,11.0,15.0,2.0
2017-01-18 23:00:00,25.0,18.0,15.0,14.0,6.0,8.0,3.0,8.0,17.0,25.0,14.0,12.0,8.0,10.0,9.0,14.0,13.0,8.0
2017-01-19 00:00:00,22.0,8.0,11.0,20.0,10.0,11.0,13.0,8.0,18.0,21.0,14.0,10.0,8.0,10.0,6.0,15.0,15.0,9.0
2017-01-19 01:00:00,26.0,35.0,3.0,19.0,4.0,13.0,4.0,5.0,14.0,13.0,9.0,5.0,7.0,14.0,8.0,8.0,19.0,12.0
2017-01-19 02:00:00,27.0,29.0,5.0,14.0,4.0,10.0,5.0,5.0,15.0,7.0,12.0,7.0,6.0,11.0,10.0,14.0,15.0,7.0
2017-01-19 03:00:00,29.0,21.0,7.0,16.0,9.0,7.0,12.0,6.0,17.0,7.0,15.0,12.0,7.0,4.0,7.0,9.0,16.0,13.0
2017-01-19 04:00:00,30.0,14.0,14.0,20.0,16.0,5.0,17.0,5.0,17.0,4.0,15.0,12.0,12.0,5.0,7.0,8.0,17.0,12.0
2017-01-19 05:00:00,25.0,8.0,12.0,18.0,6.0,5.0,12.0,13.0,14.0,12.0,13.0,8.0,15.0,12.0,11.0,5.0,14.0,9.0
2017-01-19 06:00:00,12.0,5.0,10.0,19.0,4.0,6.0,11.0,5.0,18.0,6.0,9.0,11.0,26.0,6.0,6.0,3.0,10.0,5.0
2017-01-19 07:00:00,18.0,9.0,13.0,20.0,8.0,9.0,17.0,6.0,18.0,7.0,15.0,5.0,42.0,7.0,4.0,5.0,10.0,14.0
2017-01-19 08:00:00,26.0,16.0,25.0,21.0,5.0,13.0,21.0,10.0,15.0,17.0,19.0,14.0,66.0,3.0,7.0,4.0,16.0,9.0
2017-01-19 09:00:00,24.0,17.0,31.0,27.0,4.0,15.0,2.0,17.0,17.0,31.0,23.0,11.0,64.0,5.0,14.0,4.0,9.0,5.0
2017-01-19 10:00:00,9.0,11.0,26.0,26.0,3.0,16.0,0.2,14.0,23.0,46.0,21.0,11.0,7.0,10.0,16.0,20.0,8.0,20.0
2017-01-19 11:00:00,4.0,12.0,22.0,25.0,12.0,11.0,37.0,41.0,28.0,70.0,16.0,8.0,9.0,5.0,14.0,65.0,8.0,15.0
2017-01-19 12:00:00,2.0,25.0,20.0,17.0,12.0,12.0,107.0,37.0,26.0,69.0,16.0,5.0,17.0,1.0,13.0,50.0,7.0,17.0
2017-01-19 13:00:00,1.0,2.0,12.0,8.0,16.0,11.0,87.0,32.0,19.0,39.0,13.0,6.0,16.0,2.0,9.0,40.0,5.0,13.0
2017-01-19 14:00:00,1.0,3.0,8.0,5.0,14.0,6.0,41.0,16.0,32.0,15.0,6.0,7.0,26.0,3.0,15.0,20.0,1.0,16.0
2017-01-19 15:00:00,1.0,2.0,4.0,1.0,4.0,3.0,26.0,7.0,20.0,2.0,8.0,6.0,15.0,8.0,9.0,10.0,3.0,12.0
2017-01-19 16:00:00,2.0,30.0,7.0,70.0,1.0,12.0,18.0,2.0,21.0,6.0,10.0,6.0,15.0,6.0,7.0,70.0,10.0,11.0
2017-01-19 17:00:00,7.0,17.0,7.0,56.0,1.0,10.0,24.0,6.0,23.0,10.0,11.0,8.0,10.0,9.0,8.0,9.0,13.0,10.0
2017-01-19 18:00:00,16.0,11.0,6.0,61.0,8.0,10.0,19.0,7.0,15.0,20.0,16.0,7.0,15.0,24.0,10.0,19.0,14.0,7.0
2017-01-19 19:00:00,28.0,17.0,9.0,62.0,6.0,13.0,16.0,16.0,18.0,24.0,16.0,9.0,13.0,11.0,15.0,18.0,12.0,5.0
2017-01-19 20:00:00,27.0,16.0,13.0,61.0,6.0,11.0,13.0,12.0,16.0,17.0,20.0,11.0,17.0,11.0,12.0,8.0,17.0,9.0
2017-01-19 21:00:00,31.0,14.0,13.0,62.0,17.0,11.0,14.0,7.0,20.0,20.0,20.0,11.0,14.0,15.0,10.0,11.0,15.0,13.0
2017-01-19 22:00:00,31.0,20.0,11.0,63.0,14.0,12.0,13.0,13.0,21.0,16.0,20.0,14.0,18.0,14.0,10.0,6.0,15.0,11.0
2017-01-19 23:00:00,18.0,18.0,11.0,66.0,14.0,12.0,13.0,13.0,19.0,15.0,15.0,16.0,21.0,14.0,12.0,6.0,13.0,11.0
2017-01-20 00:00:00,22.0,13.0,12.0,67.0,9.0,12.0,16.0,12.0,21.0,11.0,11.0,9.0,22.0,13.0,12.0,5.0,13.0,3.0
2017-01-20 01:00:00,21.0,4.0,16.0,69.0,10.0,8.0,12.0,13.0,26.0,23.0,13.0,4.0,21.0,16.0,16.0,6.0,19.0,12.0
2017-01-20 02:00:00,25.0,4.0,10.0,67.0,13.0,10.0,14.0,8.0,21.0,17.0,13.0,6.0,22.0,18.0,10.0,5.0,27.0,13.0
2017-01-20 03:00:00,23.0,25.0,20.0,64.0,22.0,14.0,16.0,4.0,19.0,13.0,16.0,13.0,17.0,10.0,10.0,5.0,20.0,12.0
2017-01-20 04:00:00,19.0,24.0,14.0,64.0,13.0,12.0,14.0,5.0,20.0,10.0,17.0,13.0,16.0,11.0,8.0,14.0,19.0,9.0
2017-01-20 05:00:00,15.0,14.0,11.0,63.0,10.0,10.0,17.0,5.0,17.0,10.0,14.0,14.0,16.0,12.0,6.0,8.0,15.0,14.0
2017-01-20 06:00:00,11.0,22.0,8.0,62.0,11.0,11.0,15.0,10.0,16.0,15.0,11.0,9.0,12.0,10.0,9.0,5.0,14.0,11.0
2017-01-20 07:00:00,10.0,4.0,9.0,63.0,16.0,14.0,13.0,9.0,15.0,13.0,6.0,15.0,12.0,10.0,11.0,8.0,12.0,14.0
2017-01-20 08:00:00,19.0,17.0,8.0,57.0,13.0,20.0,21.0,4.0,19.0,10.0,9.0,13.0,15.0,7.0,10.0,10.0,12.0,7.0
2017-01-20 09:00:00,21.0,16.0,9.0,58.0,13.0,52.0,21.0,10.0,20.0,5.0,15.0,11.0,13.0,5.0,17.0,8.0,11.0,12.0
2017-01-20 10:00:00,25.0,17.0,10.0,58.0,9.0,10.0,20.0,12.0,19.0,5.0,22.0,11.0,10.0,7.0,16.0,6.0,13.0,29.0
2017-01-20 11:00:00,18.0,11.0,9.0,15.0,12.0,2.0,23.0,13.0,23.0,4.0,16.0,11.0,11.0,3.0,15.0,11.0,12.0,42.0
2017-01-20 12:00:00,8.0,12.0,10.0,18.0,6.0,13.0,20.0,9.0,14.0,2.0,12.0,9.0,17.0,1.0,13.0,10.0,4.0,11.0
2017-01-20 13:00:00,1.0,9.0,3.0,25.0,3.0,4.0,17.0,3.0,4.0,5.0,6.0,9.0,15.0,1.0,11.0,7.0,6.0,8.0
2017-01-20 14:00:00,1.0,3.0,5.0,20.0,2.0,2.0,2.0,4.0,16.0,7.0,6.0,14.0,13.0,4.0,14.0,3.0,3.0,4.0
2017-01-20 15:00:00,3.0,9.0,10.0,21.0,4.0,13.0,11.0,7.0,22.0,11.0,7.0,5.0,6.0,2.0,14.0,5.0,5.0,7.0
2017-01-20 16:00:00,4.0,4.0,8.0,22.0,1.0,11.0,17.0,5.0,17.0,7.0,6.0,1.0,9.0,4.0,6.0,7.0,3.0,5.0
2017-01-20 17:00:00,12.0,5.0,7.0,26.0,1.0,9.0,5.0,5.0,13.0,6.0,7.0,5.0,13.0,5.0,5.0,2.0,5.0,3.0
2017-01-20 18:00:00,15.0,5.0,1.0,29.0,5.0,11.0,19.0,3.0,11.0,5.0,8.0,2.0,7.0,13.0,14.0,1.0,11.0,10.0
2017-01-20 19:00:00,11.0,7.0,12.0,39.0,5.0,4.0,18.0,6.0,7.0,9.0,10.0,3.0,7.0,20.0,6.0,3.0,12.0,3.0
2017-01-20 20:00:00,9.0,8.0,21.0,2.0,7.0,10.0,9.0,8.0,10.0,11.0,9.0,5.0,6.0,7.0,3.0,4.0,5.0,3.0
2017-01-20 21:00:00,16.0,8.0,28.0,2.0,8.0,8.0,5.0,6.0,11.0,4.0,9.0,5.0,13.0,4.0,6.0,1.0,6.0,6.0
2017-01-20 22:00:00,18.0,9.0,20.0,7.0,3.0,8.0,11.0,7.0,13.0,6.0,10.0,7.0,13.0,1.0,7.0,1.0,8.0,3.0
2017-01-20 23:00:00,24.0,8.0,13.0,8.0,2.0,7.0,7.0,5.0,11.0,6.0,10.0,5.0,8.0,6.0,6.0,1.0,7.0,6.0
2017-01-21 00:00:00,14.0,8.0,9.0,8.0,2.0,8.0,11.0,6.0,9.0,7.0,7.0,4.0,5.0,3.0,7.0,1.0,9.0,4.0
2017-01-21 01:00:00,17.0,4.0,11.0,3.0,5.0,6.0,14.0,4.0,9.0,1.0,4.0,8.0,4.0,1.0,6.0,1.0,7.0,7.0
2017-01-21 02:00:00,15.0,12.0,15.0,1.0,14.0,7.0,12.0,10.0,13.0,2.0,2.0,8.0,7.0,1.0,1.0,1.0,7.0,8.0
2017-01-21 03:00:00,10.0,12.0,16.0,8.0,7.0,8.0,14.0,10.0,5.0,6.0,6.0,7.0,8.0,12.0,1.0,5.0,11.0,6.0
2017-01-21 04:00:00,9.0,11.0,15.0,12.0,9.0,6.0,10.0,7.0,9.0,9.0,7.0,8.0,8.0,19.0,2.0,7.0,9.0,5.0
2017-01-21 05:00:00,8.0,9.0,9.0,5.0,10.0,10.0,8.0,6.0,6.0,8.0,8.0,5.0,7.0,2.0,2.0,5.0,10.0,4.0
2017-01-21 06:00:00,14.0,12.0,8.0,7.0,5.0,9.0,11.0,6.0,11.0,9.0,6.0,5.0,10.0,5.0,1.0,3.0,8.0,8.0
2017-01-21 07:00:00,11.0,7.0,11.0,6.0,8.0,6.0,10.0,4.0,11.0,9.0,8.0,9.0,5.0,7.0,4.0,2.0,8.0,2.0
2017-01-21 08:00:00,16.0,8.0,10.0,10.0,6.0,7.0,10.0,6.0,9.0,8.0,10.0,17.0,6.0,8.0,4.0,2.0,6.0,9.0
2017-01-21 09:00:00,18.0,5.0,14.0,12.0,4.0,9.0,9.0,7.0,12.0,11.0,8.0,4.0,7.0,15.0,1.0,5.0,11.0,7.0
2017-01-21 10:00:00,12.0,3.0,9.0,8.0,4.0,11.0,16.0,8.0,8.0,5.0,11.0,4.0,5.0,5.0,4.0,5.0,9.0,15.0
2017-01-21 11:00:00,3.0,7.0,1.0,21.0,5.0,5.0,8.0,4.0,9.0,3.0,11.0,5.0,7.0,6.0,8.0,5.0,5.0,14.0
2017-01-21 12:00:00,3.0,10.0,3.0,16.0,9.0,4.0,5.0,4.0,11.0,7.0,10.0,4.0,9.0,7.0,9.0,17.0,5.0,7.0
2017-01-21 13:00:00,3.0,5.0,2.0,6.0,6.0,5.0,1.0,5.0,5.0,5.0,12.0,5.0,5.0,11.0,9.0,6.0,7.0,6.0
2017-01-21 14:00:00,4.0,13.0,2.0,4.0,5.0,9.0,9.0,3.0,6.0,7.0,8.0,3.0,9.0,8.0,6.0,7.0,7.0,8.0
2017-01-21 15:00:00,10.0,9.0,5.0,2.0,8.0,6.0,7.0,5.0,4.0,9.0,7.0,6.0,6.0,3.0,6.0,17.0,2.0,9.0
2017-01-21 16:00:00,10.0,12.0,3.0,3.0,8.0,7.0,6.0,5.0,7.0,7.0,7.0,23.0,10.0,6.0,7.0,2.0,8.0,7.0
2017-01-21 17:00:00,12.0,7.0,4.0,2.0,12.0,7.0,9.0,4.0,12.0,6.0,8.0,7.0,8.0,3.0,4.0,12.0,9.0,4.0
2017-01-21 18:00:00,14.0,10.0,4.0,4.0,4.0,14.0,15.0,2.0,8.0,16.0,8.0,2.0,9.0,1.0,6.0,21.0,11.0,10.0
2017-01-21 19:00:00,21.0,9.0,18.0,9.0,1.0,27.0,26.0,5.0,13.0,33.0,14.0,11.0,13.0,3.0,6.0,15.0,8.0,8.0
2017-01-21 20:00:00,30.0,29.0,18.0,16.0,2.0,32.0,22.0,7.0,16.0,36.0,50.0,14.0,19.0,8.0,21.0,14.0,18.0,10.0
2017-01-21 21:00:00,38.0,32.0,24.0,19.0,3.0,28.0,22.0,7.0,31.0,58.0,48.0,31.0,17.0,8.0,23.0,10.0,17.0,4.0
2017-01-21 22:00:00,45.0,24.0,25.0,23.0,5.0,18.0,23.0,11.0,36.0,39.0,33.0,39.0,19.0,13.0,22.0,23.0,23.0,17.0
2017-01-21 23:00:00,31.0,24.0,28.0,31.0,7.0,10.0,24.0,12.0,43.0,24.0,35.0,40.0,19.0,13.0,20.0,13.0,23.0,19.0
2017-01-22 00:00:00,34.0,23.0,29.0,31.0,5.0,8.0,22.0,8.0,41.0,21.0,32.0,41.0,26.0,7.0,18.0,7.0,16.0,12.0
2017-01-22 01:00:00,40.0,8.0,27.0,25.0,3.0,13.0,30.0,6.0,31.0,14.0,31.0,28.0,27.0,5.0,16.0,10.0,23.0,7.0
2017-01-22 02:00:00,27.0,6.0,28.0,18.0,2.0,19.0,21.0,8.0,29.0,20.0,25.0,25.0,27.0,5.0,17.0,14.0,24.0,16.0
2017-01-22 03:00:00,29.0,19.0,33.0,25.0,2.0,13.0,15.0,13.0,38.0,22.0,28.0,20.0,24.0,4.0,15.0,7.0,17.0,10.0
2017-01-22 04:00:00,25.0,21.0,24.0,23.0,3.0,9.0,20.0,14.0,33.0,27.0,28.0,13.0,22.0,4.0,14.0,6.0,18.0,5.0
2017-01-22 05:00:00,21.0,13.0,22.0,21.0,5.0,6.0,13.0,9.0,40.0,21.0,29.0,9.0,19.0,7.0,10.0,5.0,19.0,11.0
2017-01-22 06:00:00,24.0,14.0,19.0,24.0,4.0,8.0,16.0,9.0,57.0,11.0,26.0,8.0,14.0,7.0,11.0,4.0,18.0,14.0
2017-01-22 07:00:00,26.0,26.0,22.0,27.0,4.0,3.0,22.0,10.0,37.0,11.0,22.0,13.0,14.0,9.0,11.0,2.0,19.0,11.0
2017-01-22 08:00:00,25.0,15.0,27.0,24.0,9.0,5.0,38.0,13.0,35.0,15.0,31.0,17.0,12.0,10.0,10.0,1.0,20.0,15.0
2017-01-22 09:00:00,25.0,25.0,18.0,26.0,7.0,11.0,32.0,11.0,31.0,7.0,36.0,13.0,13.0,8.0,13.0,2.0,22.0,17.0
2017-01-22 10:00:00,23.0,28.0,24.0,35.0,5.0,16.0,36.0,16.0,43.0,8.0,45.0,24.0,17.0,6.0,22.0,6.0,17.0,26.0
2017-01-22 11:00:00,17.0,35.0,31.0,42.0,4.0,14.0,39.0,17.0,36.0,21.0,43.0,34.0,17.0,6.0,29.0,10.0,7.0,16.0
2017-01-22 12:00:00,11.0,37.0,13.0,41.0,4.0,20.0,44.0,12.0,32.0,26.0,33.0,18.0,16.0,1.0,21.0,10.0,6.0,17.0
2017-01-22 13:00:00,2.0,31.0,5.0,23.0,7.0,16.0,50.0,4.0,22.0,9.0,8.0,14.0,22.0,7.0,15.0,10.0,12.0,11.0
2017-01-22 14:00:00,1.0,16.0,5.0,19.0,7.0,10.0,26.0,5.0,23.0,5.0,5.0,18.0,19.0,5.0,14.0,14.0,21.0,9.0
2017-01-22 15:00:00,5.0,11.0,10.0,9.0,4.0,11.0,18.0,5.0,15.0,8.0,6.0,12.0,14.0,9.0,8.0,15.0,14.0,4.0
2017-01-22 16:00:00,10.0,13.0,4.0,9.0,4.0,9.0,8.0,5.0,11.0,6.0,10.0,3.0,12.0,5.0,7.0,7.0,14.0,9.0
2017-01-22 17:00:00,15.0,7.0,5.0,11.0,5.0,11.0,21.0,5.0,6.0,13.0,10.0,4.0,12.0,1.0,14.0,5.0,13.0,3.0
2017-01-22 18:00:00,22.0,11.0,10.0,20.0,7.0,10.0,10.0,3.0,10.0,22.0,18.0,9.0,7.0,2.0,19.0,14.0,13.0,11.0
2017-01-22 19:00:00,24.0,16.0,29.0,25.0,8.0,15.0,18.0,7.0,12.0,30.0,17.0,15.0,11.0,3.0,13.0,15.0,16.0,14.0
2017-01-22 20:00:00,22.0,19.0,28.0,19.0,13.0,23.0,22.0,8.0,13.0,44.0,14.0,17.0,16.0,10.0,19.0,20.0,17.0,8.0
2017-01-22 21:00:00,12.0,14.0,21.0,18.0,12.0,20.0,11.0,8.0,18.0,41.0,8.0,14.0,14.0,14.0,20.0,15.0,16.0,11.0
2017-01-22 22:00:00,19.0,11.0,10.0,15.0,12.0,25.0,7.0,5.0,14.0,35.0,10.0,14.0,12.0,10.0,13.0,23.0,13.0,15.0
2017-01-22 23:00:00,19.0,12.0,16.0,17.0,13.0,27.0,6.0,2.0,11.0,17.0,11.0,17.0,11.0,7.0,10.0,19.0,6.0,9.0
2017-01-23 00:00:00,25.0,13.0,12.0,14.0,13.0,22.0,8.0,4.0,10.0,5.0,9.0,10.0,13.0,11.0,7.0,14.0,8.0,16.0
2017-01-23 01:00:00,25.0,14.0,6.0,12.0,16.0,16.0,3.0,6.0,13.0,27.0,17.0,6.0,16.0,6.0,6.0,18.0,6.0,18.0
2017-01-23 02:00:00,28.0,11.0,8.0,10.0,26.0,15.0,6.0,14.0,16.0,25.0,11.0,9.0,9.0,6.0,4.0,14.0,16.0,14.0
2017-01-23 03:00:00,27.0,26.0,15.0,20.0,22.0,17.0,5.0,6.0,10.0,14.0,13.0,11.0,10.0,8.0,4.0,13.0,11.0,12.0
2017-01-23 04:00:00,21.0,18.0,9.0,15.0,20.0,17.0,8.0,10.0,12.0,15.0,18.0,18.0,10.0,10.0,4.0,15.0,13.0,12.0
2017-01-23 05:00:00,20.0,11.0,11.0,14.0,15.0,16.0,11.0,10.0,14.0,22.0,16.0,15.0,6.0,5.0,4.0,10.0,14.0,12.0
2017-01-23 06:00:00,9.0,4.0,11.0,18.0,14.0,14.0,16.0,6.0,27.0,22.0,20.0,17.0,7.0,5.0,3.0,12.0,13.0,14.0
2017-01-23 07:00:00,26.0,17.0,13.0,26.0,11.0,12.0,26.0,7.0,40.0,19.0,35.0,21.0,13.0,4.0,3.0,10.0,12.0,14.0
2017-01-23 08:00:00,27.0,23.0,25.0,31.0,10.0,12.0,40.0,16.0,35.0,22.0,47.0,26.0,15.0,4.0,8.0,10.0,2.0,12.0
2017-01-23 09:00:00,45.0,48.0,32.0,53.0,8.0,17.0,63.0,20.0,41.0,28.0,55.0,32.0,19.0,7.0,17.0,16.0,38.0,10.0
2017-01-23 10:00:00,37.0,47.0,23.0,61.0,7.0,20.0,47.0,21.0,46.0,12.0,52.0,42.0,21.0,2.0,19.0,10.0,25.0,15.0
2017-01-23 11:00:00,13.0,23.0,17.0,41.0,6.0,15.0,46.0,14.0,49.0,9.0,30.0,35.0,28.0,1.0,82.0,9.0,15.0,33.0
2017-01-23 12:00:00,5.0,8.0,21.0,28.0,7.0,13.0,15.0,9.0,41.0,22.0,21.0,11.0,24.0,8.0,4.0,7.0,8.0,23.0
2017-01-23 13:00:00,2.0,14.0,7.0,22.0,8.0,12.0,12.0,8.0,29.0,17.0,17.0,6.0,24.0,11.0,6.0,7.0,9.0,17.0
2017-01-23 14:00:00,2.0,8.0,8.0,5.0,9.0,7.0,15.0,6.0,24.0,8.0,15.0,6.0,24.0,4.0,3.0,16.0,2.0,20.0
2017-01-23 15:00:00,8.0,12.0,7.0,4.0,9.0,6.0,12.0,4.0,21.0,11.0,15.0,9.0,24.0,7.0,2.0,12.0,8.0,16.0
2017-01-23 16:00:00,11.0,10.0,5.0,7.0,6.0,8.0,14.0,3.0,27.0,9.0,29.0,4.0,24.0,6.0,8.0,9.0,7.0,7.0
2017-01-23 17:00:00,18.0,7.0,13.0,10.0,4.0,8.0,18.0,3.0,28.0,11.0,13.0,4.0,24.0,2.0,7.0,9.0,11.0,11.0
2017-01-23 18:00:00,22.0,9.0,13.0,27.0,5.0,13.0,24.0,3.0,21.0,14.0,11.0,12.0,24.0,3.0,14.0,19.0,19.0,5.0
2017-01-23 19:00:00,30.0,16.0,17.0,23.0,8.0,15.0,28.0,7.0,19.0,22.0,28.0,15.0,24.0,10.0,24.0,15.0,19.0,15.0
2017-01-23 20:00:00,27.0,13.0,20.0,11.0,9.0,13.0,34.0,7.0,27.0,14.0,45.0,17.0,22.0,9.0,14.0,15.0,18.0,9.0
2017-01-23 21:00:00,22.0,14.0,25.0,21.0,8.0,14.0,37.0,12.0,33.0,16.0,43.0,14.0,13.0,17.0,14.0,13.0,19.0,10.0
2017-01-23 22:00:00,15.0,22.0,26.0,19.0,1.0,21.0,24.0,8.0,47.0,26.0,35.0,16.0,16.0,19.0,20.0,10.0,14.0,9.0
2017-01-23 23:00:00,35.0,26.0,27.0,19.0,27.0,12.0,26.0,9.0,66.0,35.0,32.0,17.0,20.0,12.0,14.0,15.0,12.0,10.0
2017-01-24 00:00:00,46.0,34.0,20.0,17.0,1.0,17.0,27.0,11.0,61.0,37.0,34.0,18.0,17.0,11.0,30.0,15.0,18.0,15.0
2017-01-24 01:00:00,41.0,37.0,39.0,15.0,1.0,18.0,8.0,8.0,46.0,37.0,28.0,24.0,12.0,5.0,39.0,19.0,14.0,18.0
2017-01-24 02:00:00,40.0,30.0,27.0,23.0,1.0,18.0,13.0,9.0,49.0,21.0,31.0,21.0,15.0,20.0,46.0,14.0,8.0,12.0
2017-01-24 03:00:00,39.0,27.0,27.0,29.0,1.0,22.0,21.0,16.0,47.0,5.0,39.0,22.0,13.0,3.0,34.0,10.0,11.0,7.0
2017-01-24 04:00:00,38.0,21.0,23.0,28.0,1.0,18.0,26.0,16.0,44.0,8.0,24.0,22.0,11.0,5.0,22.0,8.0,17.0,10.0
2017-01-24 05:00:00,43.0,25.0,21.0,29.0,9.0,14.0,24.0,13.0,49.0,10.0,24.0,21.0,15.0,10.0,17.0,14.0,21.0,7.0
2017-01-24 06:00:00,47.0,19.0,21.0,38.0,8.0,17.0,30.0,17.0,49.0,12.0,37.0,16.0,14.0,9.0,8.0,16.0,17.0,7.0
2017-01-24 07:00:00,47.0,19.0,22.0,39.0,5.0,18.0,50.0,30.0,50.0,15.0,47.0,25.0,19.0,13.0,18.0,10.0,29.0,9.0
2017-01-24 08:00:00,45.0,55.0,22.0,53.0,5.0,15.0,57.0,35.0,70.0,12.0,75.0,39.0,18.0,13.0,37.0,14.0,34.0,8.0
2017-01-24 09:00:00,38.0,89.0,36.0,77.0,7.0,15.0,75.0,43.0,85.0,27.0,96.0,51.0,28.0,10.0,31.0,11.0,38.0,13.0
2017-01-24 10:00:00,40.0,81.0,42.0,78.0,18.0,26.0,66.0,40.0,75.0,46.0,56.0,36.0,35.0,2.0,38.0,10.0,30.0,55.0
2017-01-24 11:00:00,30.0,51.0,33.0,67.0,16.0,22.0,52.0,23.0,69.0,44.0,38.0,31.0,28.0,3.0,53.0,10.0,27.0,93.0
2017-01-24 12:00:00,21.0,43.0,26.0,63.0,3.0,14.0,57.0,10.0,49.0,18.0,36.0,22.0,16.0,19.0,47.0,36.0,29.0,33.0
2017-01-24 13:00:00,21.0,47.0,21.0,49.0,8.0,14.0,24.0,3.0,53.0,6.0,23.0,17.0,11.0,14.0,32.0,17.0,31.0,15.0
2017-01-24 14:00:00,16.0,54.0,16.0,51.0,5.0,21.0,30.0,4.0,35.0,5.0,20.0,3.0,13.0,8.0,57.0,9.0,32.0,11.0
2017-01-24 15:00:00,14.0,38.0,7.0,56.0,9.0,26.0,50.0,2.0,16.0,8.0,22.0,2.0,9.0,8.0,31.0,14.0,28.0,7.0
2017-01-24 16:00:00,28.0,32.0,7.0,46.0,10.0,17.0,41.0,3.0,11.0,14.0,1.0,4.0,10.0,10.0,26.0,12.0,38.0,13.0
2017-01-24 17:00:00,39.0,10.0,7.0,47.0,7.0,9.0,24.0,4.0,30.0,20.0,8.0,6.0,12.0,13.0,26.0,10.0,37.0,6.0
2017-01-24 18:00:00,48.0,16.0,13.0,50.0,4.0,14.0,18.0,5.0,25.0,27.0,17.0,5.0,14.0,12.0,42.0,10.0,42.0,6.0
2017-01-24 19:00:00,74.0,22.0,26.0,16.0,7.0,25.0,28.0,11.0,18.0,29.0,19.0,20.0,15.0,15.0,60.0,14.0,49.0,5.0
2017-01-24 20:00:00,91.0,28.0,32.0,16.0,6.0,39.0,57.0,4.0,24.0,38.0,26.0,22.0,15.0,11.0,63.0,14.0,50.0,4.0
2017-01-24 21:00:00,111.0,33.0,25.0,27.0,5.0,42.0,59.0,4.0,27.0,38.0,36.0,20.0,18.0,10.0,57.0,17.0,59.0,10.0
2017-01-24 22:00:00,105.0,24.0,28.0,21.0,7.0,40.0,38.0,6.0,32.0,46.0,51.0,24.0,19.0,20.0,59.0,21.0,51.0,10.0
2017-01-24 23:00:00,87.0,21.0,24.0,20.0,7.0,19.0,44.0,14.0,38.0,39.0,55.0,34.0,14.0,16.0,59.0,22.0,45.0,7.0
2017-01-25 00:00:00,76.0,24.0,26.0,23.0,7.0,23.0,31.0,16.0,50.0,27.0,39.0,23.0,14.0,16.0,53.0,11.0,50.0,3.0
2017-01-25 01:00:00,66.0,21.0,21.0,24.0,6.0,21.0,40.0,14.0,39.0,26.0,31.0,8.0,20.0,13.0,36.0,9.0,51.0,6.0
2017-01-25 02:00:00,60.0,14.0,23.0,24.0,5.0,19.0,34.0,15.0,50.0,22.0,39.0,19.0,20.0,11.0,36.0,14.0,38.0,10.0
2017-01-25 03:00:00,40.0,42.0,17.0,24.0,4.0,15.0,30.0,14.0,56.0,18.0,42.0,21.0,21.0,13.0,27.0,17.0,24.0,10.0
2017-01-25 04:00:00,32.0,33.0,15.0,26.0,5.0,16.0,23.0,23.0,69.0,6.0,43.0,18.0,20.0,15.0,21.0,11.0,25.0,10.0
2017-01-25 05:00:00,34.0,24.0,15.0,28.0,6.0,11.0,18.0,19.0,52.0,5.0,38.0,18.0,16.0,13.0,16.0,5.0,20.0,2.0
2017-01-25 06:00:00,36.0,31.0,13.0,30.0,6.0,15.0,32.0,28.0,26.0,4.0,35.0,22.0,24.0,23.0,13.0,4.0,19.0,14.0
2017-01-25 07:00:00,31.0,35.0,19.0,34.0,6.0,15.0,40.0,28.0,45.0,5.0,65.0,22.0,32.0,15.0,15.0,5.0,16.0,9.0
2017-01-25 08:00:00,38.0,54.0,19.0,34.0,7.0,30.0,45.0,24.0,74.0,18.0,73.0,19.0,27.0,15.0,15.0,5.0,28.0,12.0
2017-01-25 09:00:00,46.0,90.0,31.0,44.0,6.0,36.0,56.0,31.0,62.0,29.0,84.0,26.0,37.0,5.0,17.0,9.0,25.0,22.0
2017-01-25 10:00:00,39.0,87.0,33.0,62.0,6.0,33.0,43.0,26.0,54.0,56.0,52.0,25.0,53.0,2.0,25.0,20.0,18.0,32.0
2017-01-25 11:00:00,23.0,40.0,29.0,69.0,11.0,25.0,48.0,21.0,48.0,53.0,54.0,23.0,46.0,2.0,25.0,19.0,26.0,42.0
2017-01-25 12:00:00,4.0,18.0,28.0,72.0,12.0,23.0,56.0,23.0,42.0,28.0,41.0,28.0,38.0,20.0,33.0,20.0,27.0,41.0
2017-01-25 13:00:00,4.0,24.0,12.0,54.0,9.0,19.0,39.0,14.0,41.0,7.0,23.0,25.0,41.0,25.0,20.0,16.0,34.0,27.0
2017-01-25 14:00:00,17.0,30.0,8.0,35.0,9.0,20.0,36.0,10.0,49.0,11.0,22.0,22.0,23.0,19.0,24.0,17.0,33.0,21.0
2017-01-25 15:00:00,32.0,47.0,10.0,19.0,7.0,20.0,36.0,4.0,36.0,13.0,25.0,19.0,20.0,17.0,29.0,21.0,36.0,16.0
2017-01-25 16:00:00,32.0,36.0,14.0,23.0,4.0,26.0,26.0,6.0,41.0,21.0,23.0,12.0,21.0,15.0,19.0,19.0,27.0,19.0
2017-01-25 17:00:00,34.0,29.0,13.0,23.0,5.0,26.0,24.0,6.0,31.0,28.0,14.0,16.0,20.0,15.0,23.0,22.0,32.0,10.0
2017-01-25 18:00:00,31.0,33.0,15.0,27.0,5.0,24.0,23.0,4.0,29.0,28.0,19.0,17.0,20.0,15.0,19.0,19.0,48.0,15.0
2017-01-25 19:00:00,38.0,35.0,21.0,18.0,7.0,30.0,39.0,10.0,29.0,35.0,32.0,21.0,24.0,31.0,32.0,24.0,69.0,12.0
2017-01-25 20:00:00,48.0,39.0,25.0,13.0,8.0,28.0,43.0,5.0,24.0,55.0,23.0,17.0,16.0,24.0,33.0,22.0,57.0,10.0
2017-01-25 21:00:00,31.0,32.0,25.0,14.0,10.0,36.0,32.0,8.0,24.0,59.0,22.0,20.0,20.0,19.0,27.0,21.0,49.0,14.0
2017-01-25 22:00:00,31.0,24.0,31.0,16.0,9.0,31.0,37.0,9.0,38.0,44.0,23.0,23.0,17.0,15.0,19.0,22.0,23.0,13.0
2017-01-25 23:00:00,58.0,24.0,36.0,17.0,10.0,23.0,28.0,13.0,31.0,32.0,23.0,24.0,18.0,23.0,11.0,32.0,25.0,13.0
2017-01-26 00:00:00,75.0,30.0,31.0,20.0,10.0,26.0,39.0,7.0,28.0,27.0,22.0,21.0,19.0,23.0,7.0,30.0,28.0,12.0
2017-01-26 01:00:00,75.0,26.0,25.0,28.0,11.0,18.0,38.0,15.0,27.0,42.0,18.0,22.0,17.0,11.0,8.0,33.0,32.0,20.0
2017-01-26 02:00:00,76.0,39.0,21.0,23.0,14.0,18.0,28.0,15.0,33.0,14.0,19.0,25.0,19.0,21.0,16.0,23.0,38.0,18.0
2017-01-26 03:00:00,62.0,34.0,24.0,29.0,17.0,22.0,30.0,13.0,31.0,6.0,25.0,26.0,12.0,26.0,5.0,15.0,37.0,17.0
2017-01-26 04:00:00,50.0,27.0,22.0,29.0,14.0,23.0,22.0,14.0,37.0,8.0,34.0,22.0,14.0,23.0,8.0,11.0,40.0,11.0
2017-01-26 05:00:00,41.0,33.0,23.0,39.0,13.0,17.0,32.0,18.0,33.0,7.0,44.0,19.0,14.0,24.0,14.0,5.0,39.0,11.0
2017-01-26 06:00:00,41.0,40.0,22.0,43.0,17.0,18.0,31.0,21.0,40.0,7.0,46.0,21.0,8.0,24.0,25.0,7.0,36.0,24.0
2017-01-26 07:00:00,46.0,49.0,25.0,45.0,20.0,25.0,28.0,24.0,49.0,23.0,52.0,23.0,17.0,25.0,23.0,14.0,32.0,23.0
2017-01-26 08:00:00,48.0,69.0,24.0,48.0,24.0,46.0,40.0,25.0,63.0,21.0,59.0,25.0,27.0,26.0,24.0,11.0,36.0,25.0
2017-01-26 09:00:00,55.0,66.0,35.0,58.0,25.0,54.0,52.0,28.0,65.0,26.0,58.0,30.0,36.0,20.0,32.0,18.0,33.0,23.0
2017-01-26 10:00:00,50.0,0.4,30.0,80.0,26.0,50.0,56.0,25.0,73.0,75.0,64.0,26.0,38.0,16.0,34.0,19.0,31.0,38.0
2017-01-26 11:00:00,53.0,0.4,25.0,83.0,26.0,55.0,55.0,22.0,66.0,82.0,64.0,60.0,46.0,23.0,32.0,28.0,37.0,35.0
2017-01-26 12:00:00,62.0,49.0,25.0,78.0,26.0,51.0,58.0,24.0,61.0,64.0,40.0,51.0,35.0,35.0,32.0,37.0,35.0,42.0
2017-01-26 13:00:00,51.0,60.0,29.0,90.0,30.0,42.0,7.0,23.0,0.1,45.0,31.0,39.0,33.0,18.0,33.0,34.0,35.0,33.0
2017-01-26 14:00:00,52.0,68.0,19.0,91.0,30.0,37.0,60.0,21.0,58.0,38.0,28.0,43.0,36.0,6.0,32.0,33.0,36.0,35.0
2017-01-26 15:00:00,44.0,49.0,15.0,58.0,32.0,38.0,65.0,14.0,49.0,38.0,55.0,36.0,37.0,21.0,32.0,29.0,44.0,29.0
2017-01-26 16:00:00,27.0,52.0,14.0,19.0,33.0,36.0,75.0,9.0,43.0,54.0,27.0,23.0,27.0,21.0,24.0,28.0,40.0,22.0
2017-01-26 17:00:00,26.0,49.0,14.0,13.0,31.0,45.0,48.0,8.0,35.0,38.0,20.0,19.0,21.0,19.0,22.0,23.0,38.0,15.0
2017-01-26 18:00:00,26.0,61.0,12.0,22.0,29.0,58.0,42.0,11.0,33.0,55.0,24.0,26.0,22.0,23.0,24.0,36.0,38.0,20.0
2017-01-26 19:00:00,43.0,58.0,18.0,24.0,34.0,60.0,62.0,12.0,31.0,67.0,44.0,34.0,28.0,24.0,27.0,39.0,40.0,32.0
2017-01-26 20:00:00,44.0,52.0,29.0,19.0,40.0,54.0,63.0,21.0,29.0,64.0,35.0,32.0,32.0,26.0,27.0,38.0,37.0,37.0
2017-01-26 21:00:00,38.0,47.0,25.0,22.0,36.0,41.0,58.0,12.0,26.0,54.0,30.0,35.0,31.0,25.0,31.0,43.0,33.0,43.0
2017-01-26 22:00:00,28.0,52.0,18.0,21.0,35.0,48.0,63.0,14.0,26.0,62.0,23.0,37.0,26.0,25.0,22.0,33.0,28.0,39.0
2017-01-26 23:00:00,19.0,48.0,17.0,14.0,35.0,42.0,46.0,14.0,26.0,53.0,24.0,26.0,25.0,22.0,17.0,33.0,21.0,32.0
2017-01-27 00:00:00,23.0,37.0,16.0,33.0,36.0,29.0,22.0,13.0,26.0,44.0,24.0,22.0,22.0,18.0,14.0,33.0,19.0,24.0
2017-01-27 01:00:00,28.0,47.0,23.0,36.0,34.0,13.0,31.0,6.0,24.0,50.0,17.0,17.0,21.0,22.0,20.0,24.0,28.0,27.0
2017-01-27 02:00:00,39.0,37.0,21.0,35.0,31.0,28.0,29.0,4.0,30.0,37.0,17.0,18.0,16.0,24.0,18.0,23.0,32.0,29.0
2017-01-27 03:00:00,30.0,36.0,19.0,31.0,29.0,22.0,26.0,12.0,34.0,40.0,17.0,18.0,22.0,21.0,13.0,23.0,31.0,32.0
2017-01-27 04:00:00,33.0,29.0,11.0,28.0,22.0,20.0,22.0,11.0,32.0,27.0,13.0,12.0,21.0,22.0,20.0,15.0,24.0,19.0
2017-01-27 05:00:00,23.0,14.0,8.0,17.0,18.0,13.0,20.0,7.0,21.0,18.0,14.0,6.0,13.0,27.0,8.0,8.0,17.0,18.0
2017-01-27 06:00:00,12.0,15.0,7.0,10.0,13.0,7.0,13.0,6.0,17.0,11.0,10.0,5.0,14.0,12.0,8.0,5.0,13.0,12.0
2017-01-27 07:00:00,17.0,14.0,7.0,18.0,8.0,6.0,11.0,9.0,13.0,7.0,15.0,5.0,14.0,17.0,9.0,3.0,12.0,12.0
2017-01-27 08:00:00,29.0,9.0,5.0,12.0,4.0,20.0,20.0,10.0,18.0,2.0,20.0,9.0,16.0,4.0,10.0,4.0,14.0,8.0
2017-01-27 09:00:00,26.0,7.0,4.0,10.0,4.0,21.0,20.0,12.0,19.0,2.0,20.0,8.0,15.0,2.0,11.0,14.0,17.0,2.0
2017-01-27 10:00:00,8.0,10.0,3.0,5.0,4.0,3.0,19.0,8.0,22.0,3.0,19.0,6.0,17.0,1.0,10.0,14.0,20.0,8.0
2017-01-27 11:00:00,29.0,9.0,1.0,18.0,2.0,20.0,25.0,19.0,25.0,13.0,36.0,9.0,18.0,3.0,14.0,8.0,16.0,5.0
2017-01-27 12:00:00,20.0,13.0,2.0,33.0,3.0,18.0,27.0,24.0,20.0,16.0,23.0,6.0,35.0,3.0,13.0,17.0,19.0,10.0
2017-01-27 13:00:00,7.0,10.0,2.0,5.0,3.0,5.0,24.0,28.0,24.0,4.0,19.0,8.0,20.0,2.0,13.0,1.0,12.0,10.0
2017-01-27 14:00:00,8.0,11.0,3.0,1.0,2.0,20.0,28.0,8.0,8.0,11.0,10.0,4.0,18.0,3.0,16.0,14.0,14.0,3.0
2017-01-27 15:00:00,13.0,11.0,3.0,4.0,2.0,11.0,22.0,4.0,6.0,7.0,8.0,9.0,9.0,7.0,5.0,4.0,9.0,1.0
2017-01-27 16:00:00,10.0,8.0,2.0,4.0,2.0,13.0,13.0,2.0,3.0,13.0,4.0,6.0,9.0,9.0,6.0,4.0,6.0,1.0
2017-01-27 17:00:00,12.0,4.0,6.0,1.0,6.0,10.0,5.0,2.0,6.0,26.0,2.0,2.0,6.0,1.0,8.0,2.0,9.0,5.0
2017-01-27 18:00:00,12.0,6.0,4.0,7.0,4.0,10.0,8.0,1.0,7.0,37.0,11.0,2.0,2.0,5.0,8.0,5.0,9.0,5.0
2017-01-27 19:00:00,28.0,10.0,10.0,6.0,4.0,14.0,15.0,2.0,12.0,30.0,17.0,4.0,2.0,4.0,13.0,12.0,7.0,2.0
2017-01-27 20:00:00,23.0,3.0,11.0,6.0,6.0,15.0,10.0,4.0,11.0,32.0,17.0,6.0,5.0,10.0,8.0,14.0,12.0,6.0
2017-01-27 21:00:00,40.0,7.0,9.0,6.0,5.0,12.0,12.0,5.0,13.0,31.0,17.0,10.0,7.0,5.0,21.0,14.0,19.0,2.0
2017-01-27 22:00:00,25.0,6.0,9.0,9.0,7.0,6.0,23.0,4.0,12.0,24.0,14.0,8.0,8.0,11.0,16.0,15.0,16.0,2.0
2017-01-27 23:00:00,31.0,9.0,11.0,6.0,5.0,1.0,25.0,8.0,11.0,26.0,11.0,4.0,11.0,7.0,13.0,9.0,20.0,4.0
2017-01-28 00:00:00,27.0,1.0,7.0,4.0,2.0,8.0,10.0,2.0,5.0,8.0,3.0,3.0,6.0,7.0,11.0,9.0,14.0,7.0
2017-01-28 01:00:00,18.0,21.0,9.0,6.0,1.0,14.0,17.0,5.0,3.0,3.0,2.0,1.0,7.0,6.0,8.0,12.0,11.0,12.0
2017-01-28 02:00:00,13.0,15.0,4.0,6.0,3.0,15.0,14.0,5.0,7.0,4.0,12.0,2.0,8.0,8.0,6.0,3.0,13.0,8.0
2017-01-28 03:00:00,19.0,5.0,5.0,7.0,7.0,12.0,5.0,2.0,7.0,8.0,2.0,4.0,10.0,5.0,5.0,5.0,13.0,3.0
2017-01-28 04:00:00,21.0,3.0,3.0,4.0,6.0,3.0,8.0,8.0,4.0,3.0,2.0,4.0,6.0,8.0,4.0,2.0,8.0,3.0
2017-01-28 05:00:00,22.0,5.0,5.0,3.0,6.0,4.0,6.0,7.0,12.0,2.0,1.0,5.0,4.0,5.0,2.0,1.0,9.0,2.0
2017-01-28 06:00:00,21.0,14.0,4.0,6.0,5.0,3.0,11.0,6.0,9.0,4.0,3.0,2.0,5.0,4.0,4.0,5.0,23.0,5.0
2017-01-28 07:00:00,23.0,7.0,6.0,6.0,5.0,7.0,13.0,1.0,7.0,4.0,6.0,4.0,3.0,3.0,6.0,6.0,21.0,2.0
2017-01-28 08:00:00,21.0,6.0,8.0,8.0,6.0,5.0,15.0,2.0,7.0,7.0,6.0,4.0,4.0,4.0,3.0,9.0,26.0,2.0
2017-01-28 09:00:00,28.0,10.0,10.0,11.0,6.0,3.0,21.0,13.0,8.0,6.0,7.0,5.0,5.0,2.0,13.0,10.0,28.0,7.0
2017-01-28 10:00:00,20.0,9.0,6.0,10.0,4.0,4.0,28.0,6.0,9.0,8.0,5.0,6.0,5.0,1.0,14.0,18.0,14.0,13.0
2017-01-28 11:00:00,4.0,1.0,9.0,16.0,3.0,6.0,31.0,8.0,11.0,7.0,8.0,10.0,6.0,1.0,15.0,13.0,11.0,12.0
2017-01-28 12:00:00,1.0,4.0,5.0,11.0,4.0,10.0,20.0,3.0,6.0,5.0,10.0,8.0,6.0,5.0,4.0,5.0,7.0,6.0
2017-01-28 13:00:00,1.0,1.0,7.0,6.0,6.0,5.0,2.0,5.0,9.0,6.0,10.0,3.0,7.0,12.0,6.0,5.0,11.0,11.0
2017-01-28 14:00:00,1.0,11.0,5.0,4.0,6.0,4.0,3.0,2.0,6.0,3.0,9.0,3.0,7.0,5.0,6.0,16.0,7.0,13.0
2017-01-28 15:00:00,5.0,3.0,7.0,3.0,6.0,6.0,11.0,2.0,7.0,7.0,11.0,5.0,5.0,6.0,6.0,14.0,1.0,8.0
2017-01-28 16:00:00,7.0,4.0,5.0,4.0,5.0,11.0,6.0,2.0,9.0,6.0,8.0,6.0,5.0,5.0,7.0,14.0,2.0,8.0
2017-01-28 17:00:00,7.0,8.0,2.0,6.0,7.0,13.0,10.0,6.0,10.0,9.0,10.0,8.0,8.0,2.0,5.0,19.0,6.0,6.0
2017-01-28 18:00:00,20.0,9.0,4.0,6.0,6.0,13.0,15.0,3.0,10.0,20.0,17.0,9.0,3.0,2.0,9.0,18.0,9.0,11.0
2017-01-28 19:00:00,29.0,15.0,7.0,10.0,5.0,9.0,26.0,3.0,13.0,35.0,17.0,11.0,6.0,8.0,10.0,11.0,16.0,7.0
2017-01-28 20:00:00,33.0,12.0,10.0,12.0,5.0,5.0,20.0,5.0,15.0,41.0,24.0,12.0,12.0,11.0,14.0,5.0,18.0,9.0
2017-01-28 21:00:00,23.0,18.0,19.0,12.0,5.0,13.0,16.0,9.0,16.0,31.0,29.0,15.0,15.0,17.0,13.0,23.0,22.0,6.0
2017-01-28 22:00:00,25.0,15.0,15.0,16.0,5.0,19.0,19.0,6.0,15.0,33.0,13.0,18.0,15.0,12.0,11.0,14.0,18.0,6.0
2017-01-28 23:00:00,25.0,19.0,17.0,13.0,6.0,29.0,26.0,6.0,16.0,28.0,11.0,11.0,9.0,8.0,17.0,22.0,25.0,7.0
2017-01-29 00:00:00,21.0,19.0,11.0,16.0,7.0,19.0,31.0,5.0,12.0,16.0,5.0,14.0,13.0,10.0,19.0,24.0,22.0,5.0
2017-01-29 01:00:00,28.0,12.0,7.0,16.0,7.0,12.0,28.0,2.0,8.0,14.0,3.0,13.0,12.0,10.0,13.0,24.0,14.0,11.0
2017-01-29 02:00:00,6.0,9.0,11.0,19.0,11.0,23.0,25.0,8.0,6.0,19.0,4.0,15.0,7.0,9.0,12.0,16.0,16.0,18.0
2017-01-29 03:00:00,24.0,28.0,21.0,20.0,10.0,21.0,24.0,11.0,16.0,11.0,10.0,10.0,7.0,11.0,10.0,14.0,13.0,19.0
2017-01-29 04:00:00,8.0,29.0,16.0,16.0,8.0,19.0,20.0,7.0,13.0,11.0,10.0,7.0,11.0,11.0,6.0,19.0,10.0,18.0
2017-01-29 05:00:00,19.0,19.0,10.0,12.0,11.0,13.0,21.0,3.0,17.0,4.0,7.0,10.0,10.0,6.0,6.0,11.0,12.0,10.0
2017-01-29 06:00:00,26.0,18.0,10.0,13.0,12.0,13.0,21.0,4.0,6.0,13.0,8.0,11.0,12.0,3.0,6.0,8.0,16.0,18.0
2017-01-29 07:00:00,31.0,25.0,11.0,19.0,9.0,20.0,29.0,6.0,12.0,7.0,14.0,11.0,8.0,2.0,5.0,5.0,20.0,15.0
2017-01-29 08:00:00,34.0,29.0,13.0,23.0,5.0,28.0,42.0,10.0,19.0,10.0,17.0,6.0,9.0,8.0,23.0,15.0,31.0,11.0
2017-01-29 09:00:00,38.0,33.0,9.0,28.0,6.0,23.0,38.0,7.0,25.0,9.0,21.0,8.0,7.0,7.0,16.0,14.0,43.0,11.0
2017-01-29 10:00:00,46.0,28.0,8.0,40.0,12.0,19.0,41.0,9.0,34.0,9.0,15.0,12.0,9.0,6.0,39.0,18.0,41.0,17.0
2017-01-29 11:00:00,47.0,39.0,10.0,42.0,13.0,21.0,55.0,15.0,30.0,17.0,11.0,13.0,16.0,3.0,36.0,14.0,30.0,15.0
2017-01-29 12:00:00,25.0,42.0,5.0,30.0,14.0,20.0,64.0,12.0,19.0,13.0,17.0,14.0,14.0,5.0,16.0,5.0,29.0,8.0
2017-01-29 13:00:00,18.0,39.0,3.0,17.0,13.0,21.0,70.0,6.0,12.0,9.0,9.0,7.0,15.0,4.0,7.0,5.0,17.0,11.0
2017-01-29 14:00:00,16.0,45.0,1.0,4.0,13.0,15.0,69.0,4.0,19.0,7.0,7.0,5.0,11.0,5.0,8.0,21.0,17.0,11.0
2017-01-29 15:00:00,14.0,54.0,1.0,2.0,14.0,24.0,66.0,7.0,18.0,14.0,4.0,1.0,7.0,5.0,7.0,7.0,9.0,7.0
2017-01-29 16:00:00,15.0,58.0,2.0,3.0,16.0,26.0,62.0,6.0,12.0,8.0,2.0,6.0,7.0,6.0,7.0,14.0,14.0,3.0
2017-01-29 17:00:00,21.0,66.0,3.0,2.0,22.0,24.0,57.0,1.0,7.0,5.0,2.0,2.0,10.0,3.0,9.0,10.0,14.0,1.0
2017-01-29 18:00:00,19.0,61.0,8.0,2.0,24.0,9.0,15.0,1.0,12.0,16.0,5.0,3.0,8.0,3.0,9.0,15.0,11.0,3.0
2017-01-29 19:00:00,10.0,20.0,10.0,7.0,22.0,12.0,6.0,1.0,10.0,25.0,2.0,4.0,10.0,6.0,7.0,19.0,1.0,5.0
2017-01-29 20:00:00,6.0,3.0,12.0,7.0,23.0,8.0,3.0,3.0,8.0,24.0,6.0,2.0,13.0,4.0,6.0,17.0,1.0,3.0
2017-01-29 21:00:00,5.0,2.0,9.0,4.0,22.0,13.0,6.0,4.0,11.0,16.0,5.0,1.0,8.0,5.0,9.0,28.0,2.0,5.0
2017-01-29 22:00:00,4.0,3.0,9.0,4.0,16.0,14.0,8.0,3.0,9.0,39.0,5.0,4.0,12.0,3.0,7.0,23.0,5.0,8.0
2017-01-29 23:00:00,10.0,1.0,9.0,2.0,13.0,9.0,5.0,9.0,9.0,32.0,6.0,2.0,10.0,2.0,4.0,5.0,5.0,3.0
2017-01-30 00:00:00,3.0,1.0,10.0,6.0,8.0,10.0,5.0,2.0,12.0,26.0,6.0,1.0,8.0,4.0,5.0,6.0,3.0,1.0
2017-01-30 01:00:00,6.0,6.0,8.0,7.0,4.0,15.0,2.0,2.0,18.0,30.0,4.0,1.0,8.0,3.0,5.0,17.0,1.0,5.0
2017-01-30 02:00:00,19.0,10.0,16.0,11.0,2.0,14.0,4.0,6.0,16.0,25.0,2.0,3.0,7.0,10.0,9.0,17.0,7.0,12.0
2017-01-30 03:00:00,21.0,11.0,14.0,16.0,3.0,16.0,14.0,6.0,8.0,21.0,7.0,2.0,12.0,9.0,12.0,2.0,7.0,6.0
2017-01-30 04:00:00,17.0,24.0,7.0,18.0,6.0,10.0,13.0,7.0,6.0,24.0,7.0,4.0,10.0,10.0,10.0,5.0,11.0,5.0
2017-01-30 05:00:00,13.0,23.0,3.0,15.0,5.0,8.0,33.0,6.0,5.0,22.0,6.0,2.0,11.0,4.0,6.0,7.0,9.0,7.0
2017-01-30 06:00:00,16.0,23.0,6.0,8.0,4.0,6.0,41.0,5.0,7.0,13.0,4.0,2.0,13.0,5.0,7.0,8.0,12.0,5.0
2017-01-30 07:00:00,17.0,18.0,7.0,8.0,4.0,14.0,46.0,3.0,7.0,9.0,10.0,2.0,16.0,3.0,9.0,8.0,23.0,4.0
2017-01-30 08:00:00,14.0,18.0,11.0,7.0,4.0,15.0,61.0,5.0,5.0,13.0,11.0,2.0,9.0,3.0,8.0,6.0,29.0,7.0
2017-01-30 09:00:00,16.0,20.0,8.0,11.0,4.0,16.0,65.0,7.0,7.0,12.0,11.0,2.0,7.0,6.0,7.0,5.0,37.0,2.0
2017-01-30 10:00:00,24.0,15.0,6.0,4.0,1.0,13.0,62.0,5.0,7.0,1.0,8.0,2.0,11.0,4.0,5.0,2.0,42.0,3.0
2017-01-30 11:00:00,22.0,10.0,2.0,6.0,8.0,10.0,45.0,2.0,9.0,3.0,6.0,8.0,10.0,5.0,3.0,5.0,28.0,2.0
2017-01-30 12:00:00,15.0,7.0,2.0,5.0,15.0,11.0,41.0,4.0,7.0,2.0,8.0,35.0,12.0,3.0,4.0,7.0,23.0,3.0
2017-01-30 13:00:00,3.0,18.0,4.0,3.0,16.0,8.0,53.0,4.0,12.0,3.0,5.0,5.0,10.0,5.0,9.0,5.0,10.0,3.0
2017-01-30 14:00:00,6.0,15.0,3.0,2.0,10.0,7.0,57.0,6.0,5.0,2.0,6.0,13.0,5.0,3.0,10.0,1.0,7.0,3.0
2017-01-30 15:00:00,6.0,15.0,3.0,1.0,1.0,15.0,53.0,3.0,6.0,6.0,7.0,7.0,6.0,5.0,8.0,1.0,4.0,3.0
2017-01-30 16:00:00,5.0,28.0,3.0,4.0,1.0,17.0,36.0,1.0,8.0,15.0,11.0,1.0,7.0,3.0,7.0,3.0,2.0,5.0
2017-01-30 17:00:00,3.0,35.0,2.0,3.0,1.0,14.0,46.0,3.0,13.0,11.0,6.0,4.0,9.0,6.0,4.0,1.0,6.0,5.0
2017-01-30 18:00:00,6.0,42.0,7.0,9.0,1.0,22.0,67.0,5.0,14.0,18.0,9.0,2.0,14.0,5.0,5.0,5.0,9.0,9.0
2017-01-30 19:00:00,12.0,37.0,14.0,7.0,1.0,16.0,13.0,8.0,12.0,23.0,10.0,5.0,14.0,3.0,8.0,14.0,10.0,2.0
2017-01-30 20:00:00,32.0,30.0,21.0,11.0,1.0,16.0,17.0,9.0,16.0,27.0,16.0,8.0,14.0,4.0,18.0,10.0,11.0,7.0
2017-01-30 21:00:00,27.0,22.0,16.0,6.0,1.0,26.0,15.0,7.0,14.0,32.0,18.0,15.0,16.0,6.0,12.0,10.0,12.0,6.0
2017-01-30 22:00:00,17.0,37.0,12.0,8.0,2.0,24.0,16.0,11.0,13.0,41.0,18.0,19.0,19.0,3.0,10.0,14.0,13.0,4.0
2017-01-30 23:00:00,8.0,38.0,11.0,9.0,5.0,23.0,15.0,7.0,10.0,23.0,13.0,14.0,20.0,4.0,15.0,11.0,13.0,4.0
2017-01-31 00:00:00,5.0,26.0,12.0,7.0,11.0,12.0,7.0,7.0,11.0,8.0,11.0,13.0,18.0,2.0,9.0,9.0,9.0,4.0
2017-01-31 01:00:00,12.0,24.0,23.0,7.0,14.0,9.0,31.0,8.0,12.0,23.0,13.0,6.0,17.0,5.0,7.0,9.0,3.0,16.0
2017-01-31 02:00:00,21.0,29.0,21.0,14.0,16.0,23.0,20.0,7.0,12.0,23.0,15.0,14.0,13.0,7.0,7.0,9.0,8.0,9.0
2017-01-31 03:00:00,13.0,20.0,9.0,11.0,11.0,20.0,19.0,8.0,11.0,12.0,10.0,20.0,15.0,8.0,10.0,5.0,10.0,7.0
2017-01-31 04:00:00,15.0,19.0,6.0,15.0,7.0,16.0,27.0,7.0,12.0,8.0,13.0,12.0,11.0,5.0,8.0,10.0,10.0,9.0
2017-01-31 05:00:00,23.0,12.0,6.0,12.0,9.0,18.0,24.0,8.0,10.0,8.0,13.0,8.0,13.0,2.0,8.0,14.0,11.0,11.0
2017-01-31 06:00:00,23.0,17.0,12.0,13.0,5.0,19.0,22.0,9.0,14.0,13.0,21.0,9.0,10.0,2.0,7.0,17.0,9.0,13.0
2017-01-31 07:00:00,30.0,15.0,3.0,27.0,11.0,17.0,39.0,8.0,16.0,6.0,33.0,14.0,8.0,2.0,7.0,14.0,16.0,13.0
2017-01-31 08:00:00,39.0,16.0,3.0,30.0,11.0,18.0,58.0,11.0,21.0,14.0,48.0,15.0,11.0,1.0,15.0,19.0,18.0,15.0
2017-01-31 09:00:00,24.0,26.0,6.0,29.0,5.0,23.0,46.0,16.0,35.0,12.0,54.0,11.0,20.0,5.0,20.0,19.0,9.0,24.0
2017-01-31 10:00:00,30.0,26.0,6.0,41.0,5.0,27.0,40.0,21.0,53.0,8.0,49.0,11.0,25.0,4.0,12.0,14.0,20.0,7.0
2017-01-31 11:00:00,28.0,26.0,2.0,39.0,4.0,14.0,39.0,14.0,39.0,2.0,31.0,14.0,23.0,11.0,27.0,14.0,10.0,5.0
2017-01-31 12:00:00,19.0,26.0,4.0,23.0,4.0,1.0,3.0,7.0,22.0,3.0,8.0,5.0,21.0,10.0,46.0,14.0,5.0,15.0
2017-01-31 13:00:00,9.0,12.0,34.0,7.0,18.0,8.0,12.0,8.0,12.0,6.0,7.0,10.0,21.0,6.0,17.0,15.0,9.0,12.0
2017-01-31 14:00:00,5.0,14.0,9.0,7.0,9.0,9.0,14.0,5.0,10.0,10.0,12.0,11.0,19.0,4.0,9.0,9.0,8.0,13.0
2017-01-31 15:00:00,5.0,9.0,7.0,8.0,7.0,8.0,9.0,3.0,11.0,9.0,11.0,11.0,17.0,6.0,16.0,16.0,9.0,3.0
2017-01-31 16:00:00,17.0,9.0,3.0,6.0,9.0,11.0,16.0,3.0,10.0,52.0,13.0,10.0,17.0,2.0,17.0,16.0,10.0,11.0
2017-01-31 17:00:00,19.0,15.0,5.0,34.0,8.0,17.0,20.0,4.0,9.0,14.0,13.0,11.0,20.0,1.0,11.0,10.0,14.0,4.0
2017-01-31 18:00:00,35.0,20.0,18.0,25.0,9.0,28.0,28.0,6.0,14.0,22.0,14.0,24.0,21.0,2.0,11.0,14.0,16.0,4.0
2017-01-31 19:00:00,84.0,23.0,41.0,36.0,13.0,42.0,76.0,11.0,29.0,36.0,47.0,23.0,19.0,2.0,31.0,17.0,16.0,7.0
2017-01-31 20:00:00,114.0,28.0,42.0,34.0,12.0,40.0,99.0,23.0,44.0,46.0,107.0,23.0,32.0,4.0,45.0,17.0,23.0,8.0
2017-01-31 21:00:00,117.0,30.0,30.0,33.0,10.0,49.0,81.0,24.0,53.0,36.0,96.0,18.0,45.0,8.0,41.0,26.0,24.0,5.0
2017-01-31 22:00:00,96.0,28.0,26.0,34.0,4.0,26.0,57.0,26.0,63.0,29.0,90.0,16.0,48.0,5.0,32.0,25.0,19.0,1.0
2017-01-31 23:00:00,52.0,32.0,16.0,35.0,6.0,15.0,36.0,24.0,73.0,26.0,61.0,13.0,39.0,5.0,30.0,28.0,26.0,55.0
2017-02-01 00:00:00,31.0,36.0,12.0,31.0,7.0,19.0,20.0,26.0,67.0,29.0,52.0,13.0,34.0,3.0,29.0,16.0,25.0,19.0
